,Name,Note,Price ($),URL
0,GeForce RTX 4090,38858,2199.99,https://www.videocardbenchmark.net/gpu.php?gpu=GeForce+RTX+4090&id=4606
1,GeForce RTX 4080,34621,1196.04,https://www.videocardbenchmark.net/gpu.php?gpu=GeForce+RTX+4080&id=4622
2,GeForce RTX 4070 Ti,31769,769.99,https://www.videocardbenchmark.net/gpu.php?gpu=GeForce+RTX+4070+Ti&id=4699
3,Radeon RX 7900 XTX,31010,979.99,https://www.videocardbenchmark.net/gpu.php?gpu=Radeon+RX+7900+XTX&id=4644
4,Radeon PRO W7900,30108,0.0,https://www.videocardbenchmark.net/gpu.php?gpu=Radeon+PRO+W7900&id=4833
5,GeForce RTX 3090 Ti,29859,1539.99,https://www.videocardbenchmark.net/gpu.php?gpu=GeForce+RTX+3090+Ti&id=4524
6,Radeon PRO W7800,29140,0.0,https://www.videocardbenchmark.net/gpu.php?gpu=Radeon+PRO+W7800&id=4836
7,Radeon RX 7900 XT,28879,799.99,https://www.videocardbenchmark.net/gpu.php?gpu=Radeon+RX+7900+XT&id=4646
8,GeForce RTX 4090 Laptop GPU,28488,0.0,https://www.videocardbenchmark.net/gpu.php?gpu=GeForce+RTX+4090+Laptop+GPU&id=4737
9,Radeon RX 6950 XT,28467,1299.99,https://www.videocardbenchmark.net/gpu.php?gpu=Radeon+RX+6950+XT&id=4540
10,GeForce RTX 3080 Ti,27324,849.99,https://www.videocardbenchmark.net/gpu.php?gpu=GeForce+RTX+3080+Ti&id=4409
11,Radeon RX 6900 XT,26956,1150.55,https://www.videocardbenchmark.net/gpu.php?gpu=Radeon+RX+6900+XT&id=4322
12,GeForce RTX 4070,26894,549.99,https://www.videocardbenchmark.net/gpu.php?gpu=GeForce+RTX+4070&id=4795
13,GeForce RTX 3090,26855,1813.85,https://www.videocardbenchmark.net/gpu.php?gpu=GeForce+RTX+3090&id=4284
14,GeForce RTX 3080 12GB,26712,0.0,https://www.videocardbenchmark.net/gpu.php?gpu=GeForce+RTX+3080+12GB&id=4601
15,GeForce RTX 4080 Laptop GPU,26261,0.0,https://www.videocardbenchmark.net/gpu.php?gpu=GeForce+RTX+4080+Laptop+GPU&id=4736
16,Radeon RX 7900 GRE,25821,0.0,https://www.videocardbenchmark.net/gpu.php?gpu=Radeon+RX+7900+GRE&id=4906
17,GeForce RTX 3080,25353,679.99,https://www.videocardbenchmark.net/gpu.php?gpu=GeForce+RTX+3080&id=4282
18,RTX 4000 Ada Generation,25226,0.0,https://www.videocardbenchmark.net/gpu.php?gpu=RTX+4000+Ada+Generation&id=4942
19,Radeon RX 6800 XT,25114,499.99,https://www.videocardbenchmark.net/gpu.php?gpu=Radeon+RX+6800+XT&id=4312
20,RTX 5000 Ada Generation Laptop GPU,24174,0.0,https://www.videocardbenchmark.net/gpu.php?gpu=RTX+5000+Ada+Generation+Laptop+GPU&id=4807
21,Radeon RX 7800 XT,24052,519.99,https://www.videocardbenchmark.net/gpu.php?gpu=Radeon+RX+7800+XT&id=4917
22,RTX 4000 Ada Generation Laptop GPU,23871,0.0,https://www.videocardbenchmark.net/gpu.php?gpu=RTX+4000+Ada+Generation+Laptop+GPU&id=4819
23,GeForce RTX 3070 Ti,23750,499.99,https://www.videocardbenchmark.net/gpu.php?gpu=GeForce+RTX+3070+Ti&id=4413
24,RTX 6000 Ada Generation,23103,0.0,https://www.videocardbenchmark.net/gpu.php?gpu=RTX+6000+Ada+Generation&id=4768
25,RTX A5000,22963,2229.99,https://www.videocardbenchmark.net/gpu.php?gpu=RTX+A5000&id=4390
26,RTX A6000,22912,4109.99,https://www.videocardbenchmark.net/gpu.php?gpu=RTX+A6000&id=4337
27,GeForce RTX 4060 Ti 16GB,22701,499.0,https://www.videocardbenchmark.net/gpu.php?gpu=GeForce+RTX+4060+Ti+16GB&id=4898
28,GeForce RTX 4060 Ti,22564,389.99,https://www.videocardbenchmark.net/gpu.php?gpu=GeForce+RTX+4060+Ti&id=4827
29,GeForce RTX 3070,22464,449.99,https://www.videocardbenchmark.net/gpu.php?gpu=GeForce+RTX+3070&id=4283
30,Radeon RX 6800,22326,449.99,https://www.videocardbenchmark.net/gpu.php?gpu=Radeon+RX+6800&id=4314
31,RTX 4500 Ada Generation,22293,0.0,https://www.videocardbenchmark.net/gpu.php?gpu=RTX+4500+Ada+Generation&id=4958
32,NVIDIA A10,22064,0.0,https://www.videocardbenchmark.net/gpu.php?gpu=NVIDIA+A10&id=4632
33,Radeon 610M Ryzen 9 7845HX,21911,0.0,https://www.videocardbenchmark.net/gpu.php?gpu=Radeon+610M+Ryzen+9+7845HX&id=4773
34,GeForce RTX 2080 Ti,21835,1399.99,https://www.videocardbenchmark.net/gpu.php?gpu=GeForce+RTX+2080+Ti&id=3991
35,RTX A4500,21796,1079.99,https://www.videocardbenchmark.net/gpu.php?gpu=RTX+A4500&id=4514
36,Radeon RX 7900M,21573,0.0,https://www.videocardbenchmark.net/gpu.php?gpu=Radeon+RX+7900M&id=4946
37,Radeon RX 7700 XT,21397,449.99,https://www.videocardbenchmark.net/gpu.php?gpu=Radeon+RX+7700+XT&id=4919
38,RTX A5500,21030,2169.99,https://www.videocardbenchmark.net/gpu.php?gpu=RTX+A5500&id=4539
39,Radeon RX 6750 XT,20850,349.99,https://www.videocardbenchmark.net/gpu.php?gpu=Radeon+RX+6750+XT&id=4543
40,RTX 3500 Ada Generation Laptop GPU,20847,0.0,https://www.videocardbenchmark.net/gpu.php?gpu=RTX+3500+Ada+Generation+Laptop+GPU&id=4800
41,GeForce RTX 3060 Ti,20597,402.07,https://www.videocardbenchmark.net/gpu.php?gpu=GeForce+RTX+3060+Ti&id=4318
42,RTX 4000 SFF Ada Generation,20529,0.0,https://www.videocardbenchmark.net/gpu.php?gpu=RTX+4000+SFF+Ada+Generation&id=4801
43,GeForce RTX 3080 Ti Laptop GPU,20219,0.0,https://www.videocardbenchmark.net/gpu.php?gpu=GeForce+RTX+3080+Ti+Laptop+GPU&id=4491
44,Quadro GV100,20021,8999.0,https://www.videocardbenchmark.net/gpu.php?gpu=Quadro+GV100&id=3919
45,Radeon PRO W6800,19978,1849.99,https://www.videocardbenchmark.net/gpu.php?gpu=Radeon+PRO+W6800&id=4411
46,TITAN RTX,19948,2409.2,https://www.videocardbenchmark.net/gpu.php?gpu=TITAN+RTX&id=4029
47,Radeon RX 6700 XT,19876,339.99,https://www.videocardbenchmark.net/gpu.php?gpu=Radeon+RX+6700+XT&id=4369
48,TITAN V,19784,1999.99,https://www.videocardbenchmark.net/gpu.php?gpu=TITAN+V&id=3859
49,GeForce RTX 4060,19615,289.99,https://www.videocardbenchmark.net/gpu.php?gpu=GeForce+RTX+4060&id=4850
50,GeForce RTX 2080 SUPER,19601,684.86,https://www.videocardbenchmark.net/gpu.php?gpu=GeForce+RTX+2080+SUPER&id=4123
51,GeForce RTX 4070 Laptop GPU,19580,0.0,https://www.videocardbenchmark.net/gpu.php?gpu=GeForce+RTX+4070+Laptop+GPU&id=4756
52,Quadro RTX 8000,19447,4741.49,https://www.videocardbenchmark.net/gpu.php?gpu=Quadro+RTX+8000&id=4061
53,TITAN Xp COLLECTORS EDITION,19356,0.0,https://www.videocardbenchmark.net/gpu.php?gpu=TITAN+Xp+COLLECTORS+EDITION&id=3863
54,RTX A4000,19342,749.99,https://www.videocardbenchmark.net/gpu.php?gpu=RTX+A4000&id=4394
55,Quadro RTX 6000,18942,6300.0,https://www.videocardbenchmark.net/gpu.php?gpu=Quadro+RTX+6000&id=4015
56,GeForce RTX 2080,18793,800.61,https://www.videocardbenchmark.net/gpu.php?gpu=GeForce+RTX+2080&id=3989
57,Radeon RX 6700,18732,0.0,https://www.videocardbenchmark.net/gpu.php?gpu=Radeon+RX+6700&id=4564
58,NVIDIA TITAN Xp,18644,1645.0,https://www.videocardbenchmark.net/gpu.php?gpu=NVIDIA+TITAN+Xp&id=3728
59,RTX 3000 Ada Generation Laptop GPU,18636,0.0,https://www.videocardbenchmark.net/gpu.php?gpu=RTX+3000+Ada+Generation+Laptop+GPU&id=4930
60,GeForce GTX 1080 Ti,18544,483.82,https://www.videocardbenchmark.net/gpu.php?gpu=GeForce+GTX+1080+Ti&id=3699
61,Radeon RX 6850M XT,18330,0.0,https://www.videocardbenchmark.net/gpu.php?gpu=Radeon+RX+6850M+XT&id=4574
62,NVIDIA A10G,18293,0.0,https://www.videocardbenchmark.net/gpu.php?gpu=NVIDIA+A10G&id=4546
63,GeForce RTX 2070 SUPER,18258,497.95,https://www.videocardbenchmark.net/gpu.php?gpu=GeForce+RTX+2070+SUPER&id=4116
64,GeForce RTX 3070 Ti Laptop GPU,18241,0.0,https://www.videocardbenchmark.net/gpu.php?gpu=GeForce+RTX+3070+Ti+Laptop+GPU&id=4497
65,GeForce RTX 4060 Laptop GPU,17953,0.0,https://www.videocardbenchmark.net/gpu.php?gpu=GeForce+RTX+4060+Laptop+GPU&id=4752
66,RTX 5000 Ada Generation,17924,0.0,https://www.videocardbenchmark.net/gpu.php?gpu=RTX+5000+Ada+Generation&id=4935
67,A40-48Q,17864,0.0,https://www.videocardbenchmark.net/gpu.php?gpu=A40-48Q&id=4751
68,Radeon PRO W7600,17632,0.0,https://www.videocardbenchmark.net/gpu.php?gpu=Radeon+PRO+W7600&id=4889
69,RTX A4500 Laptop GPU,17603,0.0,https://www.videocardbenchmark.net/gpu.php?gpu=RTX+A4500+Laptop+GPU&id=4565
70,Radeon Pro W5700X,17591,0.0,https://www.videocardbenchmark.net/gpu.php?gpu=Radeon+Pro+W5700X&id=4641
71,RTX A5500 Laptop GPU,17577,0.0,https://www.videocardbenchmark.net/gpu.php?gpu=RTX+A5500+Laptop+GPU&id=4562
72,Radeon RX 6650 XT,17406,404.24,https://www.videocardbenchmark.net/gpu.php?gpu=Radeon+RX+6650+XT&id=4541
73,GeForce RTX 3060 12GB,17123,284.99,https://www.videocardbenchmark.net/gpu.php?gpu=GeForce+RTX+3060+12GB&id=4345
74,TITAN V CEO Edition,16988,0.0,https://www.videocardbenchmark.net/gpu.php?gpu=TITAN+V+CEO+Edition&id=4005
75,Radeon RX 5700 XT,16759,517.94,https://www.videocardbenchmark.net/gpu.php?gpu=Radeon+RX+5700+XT&id=4111
76,Radeon VII,16727,1899.95,https://www.videocardbenchmark.net/gpu.php?gpu=Radeon+VII&id=4050
77,Radeon RX 5700 XT 50th Anniversary,16618,0.0,https://www.videocardbenchmark.net/gpu.php?gpu=Radeon+RX+5700+XT+50th+Anniversary&id=4114
78,GeForce RTX 2060 SUPER,16585,415.98,https://www.videocardbenchmark.net/gpu.php?gpu=GeForce+RTX+2060+SUPER&id=4117
79,GeForce RTX 3080 Laptop GPU,16546,0.0,https://www.videocardbenchmark.net/gpu.php?gpu=GeForce+RTX+3080+Laptop+GPU&id=4332
80,Radeon RX 6600 XT,16455,262.99,https://www.videocardbenchmark.net/gpu.php?gpu=Radeon+RX+6600+XT&id=4444
81,Tesla V100-SXM2-16GB,16235,0.0,https://www.videocardbenchmark.net/gpu.php?gpu=Tesla+V100-SXM2-16GB&id=4105
82,GeForce RTX 2070,16184,519.99,https://www.videocardbenchmark.net/gpu.php?gpu=GeForce+RTX+2070&id=4001
83,Radeon RX 7600,16159,269.99,https://www.videocardbenchmark.net/gpu.php?gpu=Radeon+RX+7600&id=4832
84,Radeon PRO W6600,16075,0.0,https://www.videocardbenchmark.net/gpu.php?gpu=Radeon+PRO+W6600&id=4445
85,Quadro RTX 5000,16049,0.0,https://www.videocardbenchmark.net/gpu.php?gpu=Quadro+RTX+5000&id=4040
86,Radeon Pro Vega II Duo,15977,0.0,https://www.videocardbenchmark.net/gpu.php?gpu=Radeon+Pro+Vega+II+Duo&id=4758
87,Miracast display port driver V3,15910,0.0,https://www.videocardbenchmark.net/gpu.php?gpu=Miracast+display+port+driver+V3&id=3768
88,GeForce RTX 2060 12GB,15904,0.0,https://www.videocardbenchmark.net/gpu.php?gpu=GeForce+RTX+2060+12GB&id=4602
89,RTX A5000 Laptop GPU,15893,0.0,https://www.videocardbenchmark.net/gpu.php?gpu=RTX+A5000+Laptop+GPU&id=4416
90,Radeon PRO W7500,15831,0.0,https://www.videocardbenchmark.net/gpu.php?gpu=Radeon+PRO+W7500&id=4890
91,Radeon Pro Vega II,15668,0.0,https://www.videocardbenchmark.net/gpu.php?gpu=Radeon+Pro+Vega+II&id=4189
92,RTX 2000 Ada Generation Laptop GPU,15614,0.0,https://www.videocardbenchmark.net/gpu.php?gpu=RTX+2000+Ada+Generation+Laptop+GPU&id=4785
93,Quadro GP100,15608,0.0,https://www.videocardbenchmark.net/gpu.php?gpu=Quadro+GP100&id=3721
94,Radeon RX 6800S,15572,0.0,https://www.videocardbenchmark.net/gpu.php?gpu=Radeon+RX+6800S&id=4542
95,RTX A4000 Laptop GPU,15531,0.0,https://www.videocardbenchmark.net/gpu.php?gpu=RTX+A4000+Laptop+GPU&id=4421
96,GeForce RTX 3070 Laptop GPU,15525,0.0,https://www.videocardbenchmark.net/gpu.php?gpu=GeForce+RTX+3070+Laptop+GPU&id=4331
97,GeForce GTX 1080,15510,442.79,https://www.videocardbenchmark.net/gpu.php?gpu=GeForce+GTX+1080&id=3502
98,GeForce RTX 3060 8GB,15484,0.0,https://www.videocardbenchmark.net/gpu.php?gpu=GeForce+RTX+3060+8GB&id=4966
99,Quadro RTX 4000,15483,899.0,https://www.videocardbenchmark.net/gpu.php?gpu=Quadro+RTX+4000&id=4053
100,Radeon Pro W5700,15391,649.99,https://www.videocardbenchmark.net/gpu.php?gpu=Radeon+Pro+W5700&id=4182
101,Radeon Pro VII,15333,0.0,https://www.videocardbenchmark.net/gpu.php?gpu=Radeon+Pro+VII&id=4306
102,Radeon RX 6600,15128,329.0,https://www.videocardbenchmark.net/gpu.php?gpu=Radeon+RX+6600&id=4465
103,GeForce RTX 2080 (Mobile),15107,0.0,https://www.videocardbenchmark.net/gpu.php?gpu=GeForce+RTX+2080+%28Mobile%29&id=4084
104,Radeon RX 7700S,15028,0.0,https://www.videocardbenchmark.net/gpu.php?gpu=Radeon+RX+7700S&id=4887
105,Quadro P6000,14927,3250.0,https://www.videocardbenchmark.net/gpu.php?gpu=Quadro+P6000&id=3597
106,Radeon RX 6700S,14909,0.0,https://www.videocardbenchmark.net/gpu.php?gpu=Radeon+RX+6700S&id=4510
107,Radeon RX 6600S,14897,0.0,https://www.videocardbenchmark.net/gpu.php?gpu=Radeon+RX+6600S&id=4755
108,Quadro RTX 5000 (Mobile),14832,0.0,https://www.videocardbenchmark.net/gpu.php?gpu=Quadro+RTX+5000+%28Mobile%29&id=4147
109,GeForce GTX 1070 Ti,14713,569.99,https://www.videocardbenchmark.net/gpu.php?gpu=GeForce+GTX+1070+Ti&id=3842
110,GeForce RTX 4050 Laptop GPU,14666,0.0,https://www.videocardbenchmark.net/gpu.php?gpu=GeForce+RTX+4050+Laptop+GPU&id=4763
111,Radeon Pro Vega 64X,14631,0.0,https://www.videocardbenchmark.net/gpu.php?gpu=Radeon+Pro+Vega+64X&id=4417
112,Radeon RX 5700,14577,309.99,https://www.videocardbenchmark.net/gpu.php?gpu=Radeon+RX+5700&id=4107
113,RTX A3000 12GB Laptop GPU,14540,0.0,https://www.videocardbenchmark.net/gpu.php?gpu=RTX+A3000+12GB+Laptop+GPU&id=4503
114,Radeon RX Vega 64,14473,749.99,https://www.videocardbenchmark.net/gpu.php?gpu=Radeon+RX+Vega+64&id=3808
115,GeForce RTX 2060,14133,434.99,https://www.videocardbenchmark.net/gpu.php?gpu=GeForce+RTX+2060&id=4037
116,Radeon Pro WX 8200,13932,1599.39,https://www.videocardbenchmark.net/gpu.php?gpu=Radeon+Pro+WX+8200&id=3976
117,GeForce RTX 2070 Super with Max-Q Design,13929,0.0,https://www.videocardbenchmark.net/gpu.php?gpu=GeForce+RTX+2070+Super+with+Max-Q+Design&id=4204
118,RadeonT RX 6850M XT,13848,0.0,https://www.videocardbenchmark.net/gpu.php?gpu=RadeonT+RX+6850M+XT&id=4849
119,Radeon RX 7600S,13845,0.0,https://www.videocardbenchmark.net/gpu.php?gpu=Radeon+RX+7600S&id=4835
120,GeForce GTX 980 Ti,13830,778.69,https://www.videocardbenchmark.net/gpu.php?gpu=GeForce+GTX+980+Ti&id=3218
121,GeForce RTX 2080 Super with Max-Q Design,13809,0.0,https://www.videocardbenchmark.net/gpu.php?gpu=GeForce+RTX+2080+Super+with+Max-Q+Design&id=4202
122,RTX A2000,13784,768.99,https://www.videocardbenchmark.net/gpu.php?gpu=RTX+A2000&id=4477
123,Radeon RX 5600 XT,13753,545.0,https://www.videocardbenchmark.net/gpu.php?gpu=Radeon+RX+5600+XT&id=4186
124,Radeon RX 6650M,13676,0.0,https://www.videocardbenchmark.net/gpu.php?gpu=Radeon+RX+6650M&id=4557
125,NVIDIA TITAN X,13660,608.1,https://www.videocardbenchmark.net/gpu.php?gpu=NVIDIA+TITAN+X&id=3554
126,RTX A2000 12GB,13645,0.0,https://www.videocardbenchmark.net/gpu.php?gpu=RTX+A2000+12GB&id=4533
127,Radeon RX 6600M,13604,189.99,https://www.videocardbenchmark.net/gpu.php?gpu=Radeon+RX+6600M&id=4449
128,Quadro RTX 5000 with Max-Q Design,13591,0.0,https://www.videocardbenchmark.net/gpu.php?gpu=Quadro+RTX+5000+with+Max-Q+Design&id=4144
129,GeForce GTX 1070,13518,488.09,https://www.videocardbenchmark.net/gpu.php?gpu=GeForce+GTX+1070&id=3521
130,GeForce RTX 3060 Laptop GPU,13414,309.99,https://www.videocardbenchmark.net/gpu.php?gpu=GeForce+RTX+3060+Laptop+GPU&id=4342
131,Radeon Vega Frontier Edition,13389,1679.99,https://www.videocardbenchmark.net/gpu.php?gpu=Radeon+Vega+Frontier+Edition&id=3775
132,Radeon RX Vega 56,13383,752.99,https://www.videocardbenchmark.net/gpu.php?gpu=Radeon+RX+Vega+56&id=3821
133,NVIDIA A40,13371,0.0,https://www.videocardbenchmark.net/gpu.php?gpu=NVIDIA+A40&id=4551
134,Radeon RX 6700M,13283,289.99,https://www.videocardbenchmark.net/gpu.php?gpu=Radeon+RX+6700M&id=4458
135,Intel d gfx-driver-ci-master-14429 DCH RI,13174,0.0,https://www.videocardbenchmark.net/gpu.php?gpu=Intel+d+gfx-driver-ci-master-14429+DCH+RI&id=4895
136,GeForce RTX 2080 with Max-Q Design,13171,2099.99,https://www.videocardbenchmark.net/gpu.php?gpu=GeForce+RTX+2080+with+Max-Q+Design&id=4041
137,Radeon RX 6800M,13156,0.0,https://www.videocardbenchmark.net/gpu.php?gpu=Radeon+RX+6800M&id=4415
138,Radeon PRO W6600X,13113,0.0,https://www.videocardbenchmark.net/gpu.php?gpu=Radeon+PRO+W6600X&id=4609
139,GeForce GTX TITAN X,13059,1096.99,https://www.videocardbenchmark.net/gpu.php?gpu=GeForce+GTX+TITAN+X&id=3162
140,Radeon Pro Vega 64,12984,0.0,https://www.videocardbenchmark.net/gpu.php?gpu=Radeon+Pro+Vega+64&id=3879
141,Tesla V100-PCIE-16GB,12983,0.0,https://www.videocardbenchmark.net/gpu.php?gpu=Tesla+V100-PCIE-16GB&id=4226
142,GeForce RTX 3050,12962,257.35,https://www.videocardbenchmark.net/gpu.php?gpu=GeForce+RTX+3050&id=4495
143,Radeon Pro WX 9100,12960,0.0,https://www.videocardbenchmark.net/gpu.php?gpu=Radeon+Pro+WX+9100&id=3833
144,GeForce GTX 1660 Ti,12954,619.99,https://www.videocardbenchmark.net/gpu.php?gpu=GeForce+GTX+1660+Ti&id=4045
145,GeForce GTX 1660 SUPER,12784,227.99,https://www.videocardbenchmark.net/gpu.php?gpu=GeForce+GTX+1660+SUPER&id=4159
146,Radeon Pro 5700 XT,12708,0.0,https://www.videocardbenchmark.net/gpu.php?gpu=Radeon+Pro+5700+XT&id=4250
147,Quadro RTX 4000 (Mobile),12680,0.0,https://www.videocardbenchmark.net/gpu.php?gpu=Quadro+RTX+4000+%28Mobile%29&id=4148
148,Tesla T10,12650,0.0,https://www.videocardbenchmark.net/gpu.php?gpu=Tesla+T10&id=4222
149,Quadro P5200 with Max-Q Design,12608,0.0,https://www.videocardbenchmark.net/gpu.php?gpu=Quadro+P5200+with+Max-Q+Design&id=3996
150,Quadro RTX 4000 with Max-Q Design,12570,0.0,https://www.videocardbenchmark.net/gpu.php?gpu=Quadro+RTX+4000+with+Max-Q+Design&id=4161
151,RTX A3000 Laptop GPU,12530,0.0,https://www.videocardbenchmark.net/gpu.php?gpu=RTX+A3000+Laptop+GPU&id=4414
152,Quadro P5200,12461,0.0,https://www.videocardbenchmark.net/gpu.php?gpu=Quadro+P5200&id=3888
153,GeForce RTX 2070 (Mobile),12354,0.0,https://www.videocardbenchmark.net/gpu.php?gpu=GeForce+RTX+2070+%28Mobile%29&id=4083
154,Radeon Pro Vega 56,12354,0.0,https://www.videocardbenchmark.net/gpu.php?gpu=Radeon+Pro+Vega+56&id=3912
155,Quadro P5000,12312,1868.99,https://www.videocardbenchmark.net/gpu.php?gpu=Quadro+P5000&id=3607
156,Radeon RX 6850M,12274,0.0,https://www.videocardbenchmark.net/gpu.php?gpu=Radeon+RX+6850M&id=4511
157,Radeon Pro V520 MxGPU,12258,0.0,https://www.videocardbenchmark.net/gpu.php?gpu=Radeon+Pro+V520+MxGPU&id=4328
158,Radeon RX 5600 OEM,12229,0.0,https://www.videocardbenchmark.net/gpu.php?gpu=Radeon+RX+5600+OEM&id=4640
159,GeForce RTX 3050 OEM,12146,0.0,https://www.videocardbenchmark.net/gpu.php?gpu=GeForce+RTX+3050+OEM&id=4569
160,Quadro M6000 24GB,12056,0.0,https://www.videocardbenchmark.net/gpu.php?gpu=Quadro+M6000+24GB&id=3544
161,GeForce RTX 2070 with Max-Q Design,11889,0.0,https://www.videocardbenchmark.net/gpu.php?gpu=GeForce+RTX+2070+with+Max-Q+Design&id=4048
162,Radeon Pro 5700,11844,0.0,https://www.videocardbenchmark.net/gpu.php?gpu=Radeon+Pro+5700&id=4252
163,Intel Arc A580,11710,424.84,https://www.videocardbenchmark.net/gpu.php?gpu=Intel+Arc+A580&id=4940
164,GeForce GTX 1660,11705,230.83,https://www.videocardbenchmark.net/gpu.php?gpu=GeForce+GTX+1660&id=4062
165,Quadro M6000,11705,4827.53,https://www.videocardbenchmark.net/gpu.php?gpu=Quadro+M6000&id=3106
166,Quadro P4000,11654,556.19,https://www.videocardbenchmark.net/gpu.php?gpu=Quadro+P4000&id=3719
167,GeForce GTX 1080 with Max-Q Design,11577,0.0,https://www.videocardbenchmark.net/gpu.php?gpu=GeForce+GTX+1080+with+Max-Q+Design&id=3784
168,Radeon RX 5600,11507,0.0,https://www.videocardbenchmark.net/gpu.php?gpu=Radeon+RX+5600&id=4205
169,Tesla P40,11395,0.0,https://www.videocardbenchmark.net/gpu.php?gpu=Tesla+P40&id=4548
170,GeForce RTX 2060 (Mobile),11355,0.0,https://www.videocardbenchmark.net/gpu.php?gpu=GeForce+RTX+2060+%28Mobile%29&id=4085
171,Radeon Pro Vega 48,11300,0.0,https://www.videocardbenchmark.net/gpu.php?gpu=Radeon+Pro+Vega+48&id=4127
172,Quadro P4200 with Max-Q Design,11163,0.0,https://www.videocardbenchmark.net/gpu.php?gpu=Quadro+P4200+with+Max-Q+Design&id=3999
173,Quadro RTX 3000,11162,0.0,https://www.videocardbenchmark.net/gpu.php?gpu=Quadro+RTX+3000&id=4119
174,GeForce GTX 980,11133,247.35,https://www.videocardbenchmark.net/gpu.php?gpu=GeForce+GTX+980&id=2953
175,CMP 40HX,11072,0.0,https://www.videocardbenchmark.net/gpu.php?gpu=CMP+40HX&id=4903
176,RTX A1000 Embedded GPU,11047,0.0,https://www.videocardbenchmark.net/gpu.php?gpu=RTX+A1000+Embedded+GPU&id=4613
177,GRID P40-12Q,11028,0.0,https://www.videocardbenchmark.net/gpu.php?gpu=GRID+P40-12Q&id=4642
178,Radeon Pro SSG,10972,2410.15,https://www.videocardbenchmark.net/gpu.php?gpu=Radeon+Pro+SSG&id=3985
179,RTX A2000 8GB Laptop GPU,10927,0.0,https://www.videocardbenchmark.net/gpu.php?gpu=RTX+A2000+8GB+Laptop+GPU&id=4553
180,Tesla T4,10762,4420.54,https://www.videocardbenchmark.net/gpu.php?gpu=Tesla+T4&id=4211
181,GeForce RTX 3050 6GB Laptop GPU,10712,0.0,https://www.videocardbenchmark.net/gpu.php?gpu=GeForce+RTX+3050+6GB+Laptop+GPU&id=4782
182,Tesla M40 24GB,10475,0.0,https://www.videocardbenchmark.net/gpu.php?gpu=Tesla+M40+24GB&id=4450
183,GeForce GTX 1070 (Mobile),10465,0.0,https://www.videocardbenchmark.net/gpu.php?gpu=GeForce+GTX+1070+%28Mobile%29&id=4087
184,Quadro P4200,10445,0.0,https://www.videocardbenchmark.net/gpu.php?gpu=Quadro+P4200&id=3959
185,GeForce GTX 1660 Ti (Mobile),10207,0.0,https://www.videocardbenchmark.net/gpu.php?gpu=GeForce+GTX+1660+Ti+%28Mobile%29&id=4091
186,Tesla M40,10183,600.0,https://www.videocardbenchmark.net/gpu.php?gpu=Tesla+M40&id=4395
187,GeForce RTX 3050 Ti Laptop GPU,10178,0.0,https://www.videocardbenchmark.net/gpu.php?gpu=GeForce+RTX+3050+Ti+Laptop+GPU&id=4393
188,GeForce GTX 1650 SUPER,10123,184.05,https://www.videocardbenchmark.net/gpu.php?gpu=GeForce+GTX+1650+SUPER&id=4167
189,Radeon RX 7600M XT,10100,0.0,https://www.videocardbenchmark.net/gpu.php?gpu=Radeon+RX+7600M+XT&id=4844
190,GeForce GTX 1060,10078,279.99,https://www.videocardbenchmark.net/gpu.php?gpu=GeForce+GTX+1060&id=3548
191,GeForce GTX 1070 with Max-Q Design,10050,0.0,https://www.videocardbenchmark.net/gpu.php?gpu=GeForce+GTX+1070+with+Max-Q+Design&id=3779
192,Radeon R9 Fury X,10018,0.0,https://www.videocardbenchmark.net/gpu.php?gpu=Radeon+R9+Fury+X&id=3634
193,RTX A2000 Laptop GPU,10013,0.0,https://www.videocardbenchmark.net/gpu.php?gpu=RTX+A2000+Laptop+GPU&id=4438
194,RTX A1000 6GB Laptop GPU,10001,0.0,https://www.videocardbenchmark.net/gpu.php?gpu=RTX+A1000+6GB+Laptop+GPU&id=4804
195,GRID P40-2B,9842,0.0,https://www.videocardbenchmark.net/gpu.php?gpu=GRID+P40-2B&id=3951
196,Intel Arc A770,9806,299.99,https://www.videocardbenchmark.net/gpu.php?gpu=Intel+Arc+A770&id=4605
197,GeForce RTX 2060 with Max-Q Design,9787,0.0,https://www.videocardbenchmark.net/gpu.php?gpu=GeForce+RTX+2060+with+Max-Q+Design&id=4199
198,GeForce GTX 1060 3GB,9765,269.99,https://www.videocardbenchmark.net/gpu.php?gpu=GeForce+GTX+1060+3GB&id=3566
199,Radeon R9 Fury + Fury X,9741,449.99,https://www.videocardbenchmark.net/gpu.php?gpu=Radeon+R9+Fury+%2B+Fury+X&id=3245
200,Radeon RX 6550M,9669,0.0,https://www.videocardbenchmark.net/gpu.php?gpu=Radeon+RX+6550M&id=4941
201,GeForce GTX 970,9647,237.99,https://www.videocardbenchmark.net/gpu.php?gpu=GeForce+GTX+970&id=2954
202,Radeon R9 Fury,9605,443.1,https://www.videocardbenchmark.net/gpu.php?gpu=Radeon+R9+Fury&id=3256
203,RTX A1000 Laptop GPU,9548,0.0,https://www.videocardbenchmark.net/gpu.php?gpu=RTX+A1000+Laptop+GPU&id=4558
204,GeForce GTX 780 Ti,9502,339.99,https://www.videocardbenchmark.net/gpu.php?gpu=GeForce+GTX+780+Ti&id=2717
205,Radeon RX 6500 XT,9490,169.0,https://www.videocardbenchmark.net/gpu.php?gpu=Radeon+RX+6500+XT&id=4488
206,Radeon RX 590,9486,549.99,https://www.videocardbenchmark.net/gpu.php?gpu=Radeon+RX+590&id=4025
207,Ryzen 9 4900HSS with Radeon Graphics,9461,0.0,https://www.videocardbenchmark.net/gpu.php?gpu=Ryzen+9+4900HSS+with+Radeon+Graphics&id=4298
208,Radeon R9 390X,9431,0.0,https://www.videocardbenchmark.net/gpu.php?gpu=Radeon+R9+390X&id=3467
209,GeForce RTX 3050 Laptop GPU,9417,269.99,https://www.videocardbenchmark.net/gpu.php?gpu=GeForce+RTX+3050+Laptop+GPU&id=4408
210,Radeon Pro 5600M,9416,0.0,https://www.videocardbenchmark.net/gpu.php?gpu=Radeon+Pro+5600M&id=4225
211,Intel Arc Pro A60,9409,0.0,https://www.videocardbenchmark.net/gpu.php?gpu=Intel+Arc+Pro+A60&id=4911
212,Quadro M5000,9385,499.0,https://www.videocardbenchmark.net/gpu.php?gpu=Quadro+M5000&id=3369
213,Quadro P2200,9374,459.8,https://www.videocardbenchmark.net/gpu.php?gpu=Quadro+P2200&id=4133
214,Intel Arc A750,9352,209.99,https://www.videocardbenchmark.net/gpu.php?gpu=Intel+Arc+A750&id=4612
215,Radeon RX 5500 XT,9181,184.99,https://www.videocardbenchmark.net/gpu.php?gpu=Radeon+RX+5500+XT&id=4174
216,Quadro P3200 with Max-Q Design,9155,0.0,https://www.videocardbenchmark.net/gpu.php?gpu=Quadro+P3200+with+Max-Q+Design&id=3963
217,Quadro P3200,9136,389.3,https://www.videocardbenchmark.net/gpu.php?gpu=Quadro+P3200&id=3942
218,Radeon Pro W5500,9134,409.99,https://www.videocardbenchmark.net/gpu.php?gpu=Radeon+Pro+W5500&id=4192
219,GRID P40-2B4,9111,0.0,https://www.videocardbenchmark.net/gpu.php?gpu=GRID+P40-2B4&id=4848
220,Quadro P4000 with Max-Q Design,9083,0.0,https://www.videocardbenchmark.net/gpu.php?gpu=Quadro+P4000+with+Max-Q+Design&id=3829
221,GeForce GTX 1060 5GB,9037,487.99,https://www.videocardbenchmark.net/gpu.php?gpu=GeForce+GTX+1060+5GB&id=3923
222,GeForce GTX TITAN Black,9016,524.99,https://www.videocardbenchmark.net/gpu.php?gpu=GeForce+GTX+TITAN+Black&id=2842
223,GeForce GTX TITAN Z,8987,1515.0,https://www.videocardbenchmark.net/gpu.php?gpu=GeForce+GTX+TITAN+Z&id=2884
224,Radeon R9 390,8983,0.0,https://www.videocardbenchmark.net/gpu.php?gpu=Radeon+R9+390&id=3464
225,GRID P40-8Q,8967,0.0,https://www.videocardbenchmark.net/gpu.php?gpu=GRID+P40-8Q&id=4834
226,Tesla P4,8910,0.0,https://www.videocardbenchmark.net/gpu.php?gpu=Tesla+P4&id=4631
227,Radeon RX 580,8894,179.99,https://www.videocardbenchmark.net/gpu.php?gpu=Radeon+RX+580&id=3736
228,Radeon RX 5500,8850,0.0,https://www.videocardbenchmark.net/gpu.php?gpu=Radeon+RX+5500&id=4164
229,GeForce GTX 1660 Ti with Max-Q Design,8672,0.0,https://www.videocardbenchmark.net/gpu.php?gpu=GeForce+GTX+1660+Ti+with+Max-Q+Design&id=4082
230,Radeon R9 290X,8651,0.0,https://www.videocardbenchmark.net/gpu.php?gpu=Radeon+R9+290X&id=4263
231,Radeon RX 480,8647,339.99,https://www.videocardbenchmark.net/gpu.php?gpu=Radeon+RX+480&id=3533
232,Radeon R9 295X2,8638,499.1,https://www.videocardbenchmark.net/gpu.php?gpu=Radeon+R9+295X2&id=2878
233,Radeon RX590 GME,8525,0.0,https://www.videocardbenchmark.net/gpu.php?gpu=Radeon+RX590+GME&id=4290
234,GRID RTX6000-1B,8473,0.0,https://www.videocardbenchmark.net/gpu.php?gpu=GRID+RTX6000-1B&id=4855
235,Quadro RTX 3000 with Max-Q Design,8419,0.0,https://www.videocardbenchmark.net/gpu.php?gpu=Quadro+RTX+3000+with+Max-Q+Design&id=4152
236,Radeon RX 5600M,8392,0.0,https://www.videocardbenchmark.net/gpu.php?gpu=Radeon+RX+5600M&id=4217
237,Radeon R9 290X / 390X,8389,319.99,https://www.videocardbenchmark.net/gpu.php?gpu=Radeon+R9+290X+%2F+390X&id=2697
238,RTX A4500 Embedded GPU,8373,0.0,https://www.videocardbenchmark.net/gpu.php?gpu=RTX+A4500+Embedded+GPU&id=4947
239,Ryzen 5 4600HS with Radeon Graphics,8371,0.0,https://www.videocardbenchmark.net/gpu.php?gpu=Ryzen+5+4600HS+with+Radeon+Graphics&id=4277
240,Radeon R9 290,8353,0.0,https://www.videocardbenchmark.net/gpu.php?gpu=Radeon+R9+290&id=4259
241,Radeon Pro 5500 XT,8330,0.0,https://www.videocardbenchmark.net/gpu.php?gpu=Radeon+Pro+5500+XT&id=4264
242,Radeon Pro Duo,8296,3970.36,https://www.videocardbenchmark.net/gpu.php?gpu=Radeon+Pro+Duo&id=3575
243,Tesla V100-PCIE-32GB,8260,0.0,https://www.videocardbenchmark.net/gpu.php?gpu=Tesla+V100-PCIE-32GB&id=4447
244,GeForce GTX Titan,8212,745.0,https://www.videocardbenchmark.net/gpu.php?gpu=GeForce+GTX+Titan&id=2433
245,GeForce GTX 1060 (Mobile),8161,0.0,https://www.videocardbenchmark.net/gpu.php?gpu=GeForce+GTX+1060+%28Mobile%29&id=4086
246,Radeon R9 290 / 390,8150,380.0,https://www.videocardbenchmark.net/gpu.php?gpu=Radeon+R9+290+%2F+390&id=2719
247,Quadro K6000,8059,210.66,https://www.videocardbenchmark.net/gpu.php?gpu=Quadro+K6000&id=2666
248,Radeon RX 470/570,8039,388.99,https://www.videocardbenchmark.net/gpu.php?gpu=Radeon+RX+470%2F570&id=3558
249,GeForce GTX 780,8020,279.99,https://www.videocardbenchmark.net/gpu.php?gpu=GeForce+GTX+780&id=2525
250,Ryzen 9 6900HS,8005,0.0,https://www.videocardbenchmark.net/gpu.php?gpu=Ryzen+9+6900HS&id=4623
251,FirePro W9100,7957,1729.99,https://www.videocardbenchmark.net/gpu.php?gpu=FirePro+W9100&id=3028
252,Radeon PRO W6400,7945,0.0,https://www.videocardbenchmark.net/gpu.php?gpu=Radeon+PRO+W6400&id=4530
253,Quadro M5500,7915,0.0,https://www.videocardbenchmark.net/gpu.php?gpu=Quadro+M5500&id=3459
254,Radeon Pro WX 7100,7894,1047.99,https://www.videocardbenchmark.net/gpu.php?gpu=Radeon+Pro+WX+7100&id=3611
255,GeForce GTX 1060 with Max-Q Design,7890,0.0,https://www.videocardbenchmark.net/gpu.php?gpu=GeForce+GTX+1060+with+Max-Q+Design&id=3769
256,GeForce GTX 1650,7870,174.99,https://www.videocardbenchmark.net/gpu.php?gpu=GeForce+GTX+1650&id=4078
257,Intel Arc A730M,7865,0.0,https://www.videocardbenchmark.net/gpu.php?gpu=Intel+Arc+A730M&id=4928
258,Radeon RX 6500M,7852,0.0,https://www.videocardbenchmark.net/gpu.php?gpu=Radeon+RX+6500M&id=4599
259,T1200 Laptop GPU,7831,0.0,https://www.videocardbenchmark.net/gpu.php?gpu=T1200+Laptop+GPU&id=4422
260,Radeon RX 580X,7798,0.0,https://www.videocardbenchmark.net/gpu.php?gpu=Radeon+RX+580X&id=4055
261,Tesla M60,7771,787.9,https://www.videocardbenchmark.net/gpu.php?gpu=Tesla+M60&id=3774
262,Radeon Pro 580,7753,0.0,https://www.videocardbenchmark.net/gpu.php?gpu=Radeon+Pro+580&id=3933
263,Radeon RX 580 2048SP,7740,0.0,https://www.videocardbenchmark.net/gpu.php?gpu=Radeon+RX+580+2048SP&id=4049
264,Radeon RX 6500,7714,0.0,https://www.videocardbenchmark.net/gpu.php?gpu=Radeon+RX+6500&id=4843
265,Radeon RX 5300,7661,0.0,https://www.videocardbenchmark.net/gpu.php?gpu=Radeon+RX+5300&id=4420
266,T1000,7660,404.74,https://www.videocardbenchmark.net/gpu.php?gpu=T1000&id=4442
267,T1000 8GB,7619,0.0,https://www.videocardbenchmark.net/gpu.php?gpu=T1000+8GB&id=4513
268,GeForce GTX 1650 Ti,7576,0.0,https://www.videocardbenchmark.net/gpu.php?gpu=GeForce+GTX+1650+Ti&id=4195
269,Radeon Pro 580X,7540,0.0,https://www.videocardbenchmark.net/gpu.php?gpu=Radeon+Pro+580X&id=4138
270,Radeon Ryzen 9 6900HS,7515,0.0,https://www.videocardbenchmark.net/gpu.php?gpu=Radeon+Ryzen+9+6900HS&id=4680
271,Tesla M6,7509,199.0,https://www.videocardbenchmark.net/gpu.php?gpu=Tesla+M6&id=3875
272,Intel Arc A770M,7496,0.0,https://www.videocardbenchmark.net/gpu.php?gpu=Intel+Arc+A770M&id=4620
273,Radeon RX 6400,7468,159.0,https://www.videocardbenchmark.net/gpu.php?gpu=Radeon+RX+6400&id=4536
274,Ryzen 9 4900HS with Radeon Graphics,7419,0.0,https://www.videocardbenchmark.net/gpu.php?gpu=Ryzen+9+4900HS+with+Radeon+Graphics&id=4273
275,GeForce RTX 2050,7411,0.0,https://www.videocardbenchmark.net/gpu.php?gpu=GeForce+RTX+2050&id=4501
276,GeForce GTX 980M,7341,289.99,https://www.videocardbenchmark.net/gpu.php?gpu=GeForce+GTX+980M&id=2976
277,FirePro W8100,7279,704.0,https://www.videocardbenchmark.net/gpu.php?gpu=FirePro+W8100&id=2937
278,Radeon Pro 5300,7230,0.0,https://www.videocardbenchmark.net/gpu.php?gpu=Radeon+Pro+5300&id=4315
279,Tesla P100-PCIE-16GB,7225,0.0,https://www.videocardbenchmark.net/gpu.php?gpu=Tesla+P100-PCIE-16GB&id=4039
280,Quadro T2000,7182,528.35,https://www.videocardbenchmark.net/gpu.php?gpu=Quadro+T2000&id=4113
281,T600 Laptop GPU,7114,0.0,https://www.videocardbenchmark.net/gpu.php?gpu=T600+Laptop+GPU&id=4424
282,Radeon 780M,7101,0.0,https://www.videocardbenchmark.net/gpu.php?gpu=Radeon+780M&id=4818
283,A10-8Q,7042,0.0,https://www.videocardbenchmark.net/gpu.php?gpu=A10-8Q&id=4780
284,GeForce RTX 3050 4GB Laptop GPU,7041,0.0,https://www.videocardbenchmark.net/gpu.php?gpu=GeForce+RTX+3050+4GB+Laptop+GPU&id=4769
285,Quadro M5000M,7037,546.92,https://www.videocardbenchmark.net/gpu.php?gpu=Quadro+M5000M&id=3408
286,Ryzen 7 4800HS with Radeon Graphics,6999,0.0,https://www.videocardbenchmark.net/gpu.php?gpu=Ryzen+7+4800HS+with+Radeon+Graphics&id=4249
287,RTX A500 Laptop GPU,6978,0.0,https://www.videocardbenchmark.net/gpu.php?gpu=RTX+A500+Laptop+GPU&id=4649
288,GeForce GTX 1650 (Mobile),6969,0.0,https://www.videocardbenchmark.net/gpu.php?gpu=GeForce+GTX+1650+%28Mobile%29&id=4090
289,Radeon Pro W5500X,6967,0.0,https://www.videocardbenchmark.net/gpu.php?gpu=Radeon+Pro+W5500X&id=4909
290,Quadro T2000 with Max-Q Design,6949,0.0,https://www.videocardbenchmark.net/gpu.php?gpu=Quadro+T2000+with+Max-Q+Design&id=4218
291,RadeonT 780M,6944,0.0,https://www.videocardbenchmark.net/gpu.php?gpu=RadeonT+780M&id=4897
292,Quadro P2000,6925,439.6,https://www.videocardbenchmark.net/gpu.php?gpu=Quadro+P2000&id=3712
293,Ryzen 7 6800HS with Radeon Graphics,6867,0.0,https://www.videocardbenchmark.net/gpu.php?gpu=Ryzen+7+6800HS+with+Radeon+Graphics&id=4582
294,Radeon Pro 5500M,6816,0.0,https://www.videocardbenchmark.net/gpu.php?gpu=Radeon+Pro+5500M&id=4165
295,GeForce GTX 970XM FORCE,6707,0.0,https://www.videocardbenchmark.net/gpu.php?gpu=GeForce+GTX+970XM+FORCE&id=3965
296,Quadro T1000 with Max-Q Design,6684,0.0,https://www.videocardbenchmark.net/gpu.php?gpu=Quadro+T1000+with+Max-Q+Design&id=4295
297,Radeon R9 285,6680,0.0,https://www.videocardbenchmark.net/gpu.php?gpu=Radeon+R9+285&id=4392
298,Quadro M4000,6668,362.0,https://www.videocardbenchmark.net/gpu.php?gpu=Quadro+M4000&id=3325
299,Quadro P3000,6614,0.0,https://www.videocardbenchmark.net/gpu.php?gpu=Quadro+P3000&id=3688
300,Quadro T1000,6604,367.99,https://www.videocardbenchmark.net/gpu.php?gpu=Quadro+T1000&id=4124
301,AMD Ryzen Z1 Extreme,6590,0.0,https://www.videocardbenchmark.net/gpu.php?gpu=AMD+Ryzen+Z1+Extreme&id=4918
302,Radeon RX Vega M GH,6580,0.0,https://www.videocardbenchmark.net/gpu.php?gpu=Radeon+RX+Vega+M+GH&id=3915
303,Radeon Pro WX 7130,6578,0.0,https://www.videocardbenchmark.net/gpu.php?gpu=Radeon+Pro+WX+7130&id=4129
304,Radeon Ryzen 7 6800HS,6567,0.0,https://www.videocardbenchmark.net/gpu.php?gpu=Radeon+Ryzen+7+6800HS&id=4661
305,Radeon RX 6300,6545,0.0,https://www.videocardbenchmark.net/gpu.php?gpu=Radeon+RX+6300&id=4939
306,T600,6458,239.99,https://www.videocardbenchmark.net/gpu.php?gpu=T600&id=4439
307,GeForce GTX 1650 Ti with Max-Q Design,6406,0.0,https://www.videocardbenchmark.net/gpu.php?gpu=GeForce+GTX+1650+Ti+with+Max-Q+Design&id=4209
308,Radeon Pro 570,6337,0.0,https://www.videocardbenchmark.net/gpu.php?gpu=Radeon+Pro+570&id=4099
309,Ryzen 9 6900HS with Radeon Graphics,6331,0.0,https://www.videocardbenchmark.net/gpu.php?gpu=Ryzen+9+6900HS+with+Radeon+Graphics&id=4583
310,P106-100,6324,0.0,https://www.videocardbenchmark.net/gpu.php?gpu=P106-100&id=4044
311,GeForce GTX 1050 Ti,6311,170.29,https://www.videocardbenchmark.net/gpu.php?gpu=GeForce+GTX+1050+Ti&id=3595
312,Quadro M4000M,6259,254.91,https://www.videocardbenchmark.net/gpu.php?gpu=Quadro+M4000M&id=3297
313,Radeon R9 380X,6229,349.99,https://www.videocardbenchmark.net/gpu.php?gpu=Radeon+R9+380X&id=3266
314,Radeon R9 280X,6228,0.0,https://www.videocardbenchmark.net/gpu.php?gpu=Radeon+R9+280X&id=3466
315,Tesla K80,6210,593.95,https://www.videocardbenchmark.net/gpu.php?gpu=Tesla+K80&id=4448
316,Radeon R9 380,6192,89.99,https://www.videocardbenchmark.net/gpu.php?gpu=Radeon+R9+380&id=3460
317,Radeon 680M Ryzen 7 7735HS,6180,0.0,https://www.videocardbenchmark.net/gpu.php?gpu=Radeon+680M+Ryzen+7+7735HS&id=4884
318,GeForce GTX 1650 with Max-Q Design,6142,0.0,https://www.videocardbenchmark.net/gpu.php?gpu=GeForce+GTX+1650+with+Max-Q+Design&id=4104
319,FirePro W9000,6138,845.0,https://www.videocardbenchmark.net/gpu.php?gpu=FirePro+W9000&id=2281
320,Radeon PRO W6300,6137,0.0,https://www.videocardbenchmark.net/gpu.php?gpu=Radeon+PRO+W6300&id=4831
321,GeForce MX570 A,6100,0.0,https://www.videocardbenchmark.net/gpu.php?gpu=GeForce+MX570+A&id=4595
322,GeForce GTX 960,6050,172.0,https://www.videocardbenchmark.net/gpu.php?gpu=GeForce+GTX+960&id=3114
323,Quadro K5200,6021,415.0,https://www.videocardbenchmark.net/gpu.php?gpu=Quadro+K5200&id=2941
324,GeForce MX570,6021,0.0,https://www.videocardbenchmark.net/gpu.php?gpu=GeForce+MX570&id=4560
325,Radeon Pro 5300M,6003,0.0,https://www.videocardbenchmark.net/gpu.php?gpu=Radeon+Pro+5300M&id=4172
326,GRID P100-16Q,5945,0.0,https://www.videocardbenchmark.net/gpu.php?gpu=GRID+P100-16Q&id=3966
327,GeForce GTX 1050 Ti (Mobile),5919,0.0,https://www.videocardbenchmark.net/gpu.php?gpu=GeForce+GTX+1050+Ti+%28Mobile%29&id=4089
328,GeForce GTX 770,5918,249.0,https://www.videocardbenchmark.net/gpu.php?gpu=GeForce+GTX+770&id=2531
329,Ryzen 9 PRO 6950H with Radeon Graphics,5828,0.0,https://www.videocardbenchmark.net/gpu.php?gpu=Ryzen+9+PRO+6950H+with+Radeon+Graphics&id=4863
330,A16,5797,0.0,https://www.videocardbenchmark.net/gpu.php?gpu=A16&id=4527
331,Radeon Ryzen 7 7736U,5790,0.0,https://www.videocardbenchmark.net/gpu.php?gpu=Radeon+Ryzen+7+7736U&id=4722
332,Ryzen 9 PRO 6950H,5759,0.0,https://www.videocardbenchmark.net/gpu.php?gpu=Ryzen+9+PRO+6950H&id=4636
333,Radeon Ryzen 7 PRO 6850H,5757,0.0,https://www.videocardbenchmark.net/gpu.php?gpu=Radeon+Ryzen+7+PRO+6850H&id=4685
334,GeForce GTX 970M,5722,209.99,https://www.videocardbenchmark.net/gpu.php?gpu=GeForce+GTX+970M&id=2981
335,Radeon PRO Ryzen 7 PRO 6850U,5691,0.0,https://www.videocardbenchmark.net/gpu.php?gpu=Radeon+PRO+Ryzen+7+PRO+6850U&id=4658
336,Radeon Pro WX 5100,5620,359.99,https://www.videocardbenchmark.net/gpu.php?gpu=Radeon+Pro+WX+5100&id=3619
337,Radeon Ryzen 7 7735H,5609,0.0,https://www.videocardbenchmark.net/gpu.php?gpu=Radeon+Ryzen+7+7735H&id=4764
338,Ryzen 7 PRO 6850U,5581,0.0,https://www.videocardbenchmark.net/gpu.php?gpu=Ryzen+7+PRO+6850U&id=4626
339,GeForce GTX 690,5579,280.99,https://www.videocardbenchmark.net/gpu.php?gpu=GeForce+GTX+690&id=1462
340,Radeon R9 280,5579,0.0,https://www.videocardbenchmark.net/gpu.php?gpu=Radeon+R9+280&id=3465
341,NVIDIA A40-12Q,5573,0.0,https://www.videocardbenchmark.net/gpu.php?gpu=NVIDIA+A40-12Q&id=4523
342,Ryzen 9 5900HS with Radeon Graphics,5570,0.0,https://www.videocardbenchmark.net/gpu.php?gpu=Ryzen+9+5900HS+with+Radeon+Graphics&id=4397
343,Radeon HD 7990,5566,399.99,https://www.videocardbenchmark.net/gpu.php?gpu=Radeon+HD+7990&id=2528
344,GeForce GTX 680,5551,399.0,https://www.videocardbenchmark.net/gpu.php?gpu=GeForce+GTX+680&id=41
345,Radeon R9 285 / 380,5550,485.0,https://www.videocardbenchmark.net/gpu.php?gpu=Radeon+R9+285+%2F+380&id=3116
346,GRID M60-8A,5523,0.0,https://www.videocardbenchmark.net/gpu.php?gpu=GRID+M60-8A&id=4171
347,Quadro M3000M,5512,159.95,https://www.videocardbenchmark.net/gpu.php?gpu=Quadro+M3000M&id=3394
348,GeForce GTX 760 Ti OEM,5427,0.0,https://www.videocardbenchmark.net/gpu.php?gpu=GeForce+GTX+760+Ti+OEM&id=4108
349,Radeon RX 5500M,5425,0.0,https://www.videocardbenchmark.net/gpu.php?gpu=Radeon+RX+5500M&id=4193
350,Radeon 760M,5421,0.0,https://www.videocardbenchmark.net/gpu.php?gpu=Radeon+760M&id=4902
351,Radeon Ryzen 7 6800H,5416,0.0,https://www.videocardbenchmark.net/gpu.php?gpu=Radeon+Ryzen+7+6800H&id=4657
352,Radeon Ryzen 7 6800HS Creator Edition,5386,0.0,https://www.videocardbenchmark.net/gpu.php?gpu=Radeon+Ryzen+7+6800HS+Creator+Edition&id=4697
353,GeForce GTX 1050 Ti with Max-Q Design,5382,0.0,https://www.videocardbenchmark.net/gpu.php?gpu=GeForce+GTX+1050+Ti+with+Max-Q+Design&id=3922
354,Radeon Ryzen 7 7735HS,5382,0.0,https://www.videocardbenchmark.net/gpu.php?gpu=Radeon+Ryzen+7+7735HS&id=4692
355,GRID P40-4Q,5365,0.0,https://www.videocardbenchmark.net/gpu.php?gpu=GRID+P40-4Q&id=4080
356,Ryzen 7 6800HS Creator Edition,5345,0.0,https://www.videocardbenchmark.net/gpu.php?gpu=Ryzen+7+6800HS+Creator+Edition&id=4590
357,GeForce GTX 950,5338,141.99,https://www.videocardbenchmark.net/gpu.php?gpu=GeForce+GTX+950&id=3295
358,GeForce GTX 670,5324,193.98,https://www.videocardbenchmark.net/gpu.php?gpu=GeForce+GTX+670&id=35
359,FirePro W7100,5320,389.3,https://www.videocardbenchmark.net/gpu.php?gpu=FirePro+W7100&id=3130
360,Ryzen 7 7735HS with Radeon Graphics,5307,0.0,https://www.videocardbenchmark.net/gpu.php?gpu=Ryzen+7+7735HS+with+Radeon+Graphics&id=4864
361,Radeon Pro Vega 20,5300,0.0,https://www.videocardbenchmark.net/gpu.php?gpu=Radeon+Pro+Vega+20&id=4016
362,Radeon Eng Sample: 100-000000560-40_Y,5295,0.0,https://www.videocardbenchmark.net/gpu.php?gpu=Radeon+Eng+Sample%3A+100-000000560-40_Y&id=4963
363,Ryzen 9 6900HX with Radeon Graphics,5276,0.0,https://www.videocardbenchmark.net/gpu.php?gpu=Ryzen+9+6900HX+with+Radeon+Graphics&id=4607
364,Intel Arc,5252,0.0,https://www.videocardbenchmark.net/gpu.php?gpu=Intel+Arc&id=4955
365,Radeon HD 7970 / R9 280X,5248,246.99,https://www.videocardbenchmark.net/gpu.php?gpu=Radeon+HD+7970+%2F+R9+280X&id=51
366,Ryzen 7 6800H,5248,0.0,https://www.videocardbenchmark.net/gpu.php?gpu=Ryzen+7+6800H&id=4611
367,Ryzen 7 6800HS,5237,0.0,https://www.videocardbenchmark.net/gpu.php?gpu=Ryzen+7+6800HS&id=4629
368,Intel Arc Pro A40/A50,5224,0.0,https://www.videocardbenchmark.net/gpu.php?gpu=Intel+Arc+Pro+A40%2FA50&id=4905
369,Radeon HD 8990,5214,0.0,https://www.videocardbenchmark.net/gpu.php?gpu=Radeon+HD+8990&id=2727
370,Radeon Ryzen 7 PRO 6850HS,5212,0.0,https://www.videocardbenchmark.net/gpu.php?gpu=Radeon+Ryzen+7+PRO+6850HS&id=4691
371,GRID M60-2Q,5203,0.0,https://www.videocardbenchmark.net/gpu.php?gpu=GRID+M60-2Q&id=3737
372,Radeon R9 M395X,5195,0.0,https://www.videocardbenchmark.net/gpu.php?gpu=Radeon+R9+M395X&id=3340
373,GeForce GTX 760 Ti,5191,297.5,https://www.videocardbenchmark.net/gpu.php?gpu=GeForce+GTX+760+Ti&id=2801
374,Radeon Ryzen 7 7735U,5185,0.0,https://www.videocardbenchmark.net/gpu.php?gpu=Radeon+Ryzen+7+7735U&id=4803
375,Radeon Ryzen 9 7950X 16-Core,5181,0.0,https://www.videocardbenchmark.net/gpu.php?gpu=Radeon+Ryzen+9+7950X+16-Core&id=4652
376,Radeon Ryzen 7 PRO 6850U,5176,0.0,https://www.videocardbenchmark.net/gpu.php?gpu=Radeon+Ryzen+7+PRO+6850U&id=4662
377,Quadro P2000 with Max-Q Design,5172,0.0,https://www.videocardbenchmark.net/gpu.php?gpu=Quadro+P2000+with+Max-Q+Design&id=3982
378,Q12U-1,5164,0.0,https://www.videocardbenchmark.net/gpu.php?gpu=Q12U-1&id=3625
379,Radeon R9 M295X,5150,1449.0,https://www.videocardbenchmark.net/gpu.php?gpu=Radeon+R9+M295X&id=2985
380,GeForce GTX 1050 3GB,5150,0.0,https://www.videocardbenchmark.net/gpu.php?gpu=GeForce+GTX+1050+3GB&id=4603
381,Ryzen 7 PRO 6860Z,5077,0.0,https://www.videocardbenchmark.net/gpu.php?gpu=Ryzen+7+PRO+6860Z&id=4630
382,Ryzen 9 PRO 6950HS with Radeon Graphics,5068,0.0,https://www.videocardbenchmark.net/gpu.php?gpu=Ryzen+9+PRO+6950HS+with+Radeon+Graphics&id=4586
383,FirePro S9000,5059,0.0,https://www.videocardbenchmark.net/gpu.php?gpu=FirePro+S9000&id=3209
384,GRID T4-16Q,5055,0.0,https://www.videocardbenchmark.net/gpu.php?gpu=GRID+T4-16Q&id=4891
385,GeForce GTX 1050,5054,239.0,https://www.videocardbenchmark.net/gpu.php?gpu=GeForce+GTX+1050&id=3596
386,EIZO Quadro MED-XN51LP,5048,0.0,https://www.videocardbenchmark.net/gpu.php?gpu=EIZO+Quadro+MED-XN51LP&id=4000
387,Ryzen 7 PRO 6850U with Radeon Graphics,5043,0.0,https://www.videocardbenchmark.net/gpu.php?gpu=Ryzen+7+PRO+6850U+with+Radeon+Graphics&id=4579
388,Radeon R9 M395,5024,0.0,https://www.videocardbenchmark.net/gpu.php?gpu=Radeon+R9+M395&id=3346
389,GeForce GTX 1630,5011,155.87,https://www.videocardbenchmark.net/gpu.php?gpu=GeForce+GTX+1630&id=4571
390,Ryzen 7 6800U,5006,0.0,https://www.videocardbenchmark.net/gpu.php?gpu=Ryzen+7+6800U&id=4625
391,Radeon Instinct MI25 MxGPU,4979,0.0,https://www.videocardbenchmark.net/gpu.php?gpu=Radeon+Instinct+MI25+MxGPU&id=4181
392,Barco MXRT 7600,4944,602.59,https://www.videocardbenchmark.net/gpu.php?gpu=Barco+MXRT+7600&id=4014
393,Ryzen 7 6800H with Radeon Graphics,4922,0.0,https://www.videocardbenchmark.net/gpu.php?gpu=Ryzen+7+6800H+with+Radeon+Graphics&id=4584
394,Intel Arc A380,4916,0.0,https://www.videocardbenchmark.net/gpu.php?gpu=Intel+Arc+A380&id=4568
395,Radeon R9 270X,4909,326.5,https://www.videocardbenchmark.net/gpu.php?gpu=Radeon+R9+270X&id=2702
396,FirePro S9050,4901,0.0,https://www.videocardbenchmark.net/gpu.php?gpu=FirePro+S9050&id=4287
397,Ryzen 7 6800U with Radeon Graphics,4845,0.0,https://www.videocardbenchmark.net/gpu.php?gpu=Ryzen+7+6800U+with+Radeon+Graphics&id=4588
398,GRID P40-2Q,4844,0.0,https://www.videocardbenchmark.net/gpu.php?gpu=GRID+P40-2Q&id=4026
399,T550 Laptop GPU,4823,0.0,https://www.videocardbenchmark.net/gpu.php?gpu=T550+Laptop+GPU&id=4520
400,Radeon Pro Vega 16,4809,0.0,https://www.videocardbenchmark.net/gpu.php?gpu=Radeon+Pro+Vega+16&id=4098
401,Ryzen 7 PRO 6860Z with Radeon Graphics,4789,0.0,https://www.videocardbenchmark.net/gpu.php?gpu=Ryzen+7+PRO+6860Z+with+Radeon+Graphics&id=4587
402,GeForce GTX 760,4783,149.0,https://www.videocardbenchmark.net/gpu.php?gpu=GeForce+GTX+760&id=2561
403,GRID RTX6000P-6Q,4777,0.0,https://www.videocardbenchmark.net/gpu.php?gpu=GRID+RTX6000P-6Q&id=4425
404,FirePro S10000,4768,0.0,https://www.videocardbenchmark.net/gpu.php?gpu=FirePro+S10000&id=3330
405,Radeon HD 7950 / R9 280,4765,132.2,https://www.videocardbenchmark.net/gpu.php?gpu=Radeon+HD+7950+%2F+R9+280&id=325
406,Radeon Sky 500,4764,0.0,https://www.videocardbenchmark.net/gpu.php?gpu=Radeon+Sky+500&id=4071
407,GRID P40-24Q,4728,0.0,https://www.videocardbenchmark.net/gpu.php?gpu=GRID+P40-24Q&id=3993
408,Intel Arc A310,4722,109.99,https://www.videocardbenchmark.net/gpu.php?gpu=Intel+Arc+A310&id=4879
409,Radeon R9 370,4722,159.99,https://www.videocardbenchmark.net/gpu.php?gpu=Radeon+R9+370&id=3469
410,GRID V100D-2Q,4668,0.0,https://www.videocardbenchmark.net/gpu.php?gpu=GRID+V100D-2Q&id=4846
411,Radeon Pro WX Vega M GL,4643,0.0,https://www.videocardbenchmark.net/gpu.php?gpu=Radeon+Pro+WX+Vega+M+GL&id=4019
412,Radeon HD 7870,4641,176.0,https://www.videocardbenchmark.net/gpu.php?gpu=Radeon+HD+7870&id=324
413,Radeon Ryzen 7 PRO 6860Z,4637,0.0,https://www.videocardbenchmark.net/gpu.php?gpu=Radeon+Ryzen+7+PRO+6860Z&id=4708
414,GeForce MX550,4613,0.0,https://www.videocardbenchmark.net/gpu.php?gpu=GeForce+MX550&id=4493
415,A16-2Q,4583,0.0,https://www.videocardbenchmark.net/gpu.php?gpu=A16-2Q&id=4956
416,Radeon Ryzen 9 PRO 6950HS,4558,0.0,https://www.videocardbenchmark.net/gpu.php?gpu=Radeon+Ryzen+9+PRO+6950HS&id=4729
417,B8DKMDAP,4557,0.0,https://www.videocardbenchmark.net/gpu.php?gpu=B8DKMDAP&id=3941
418,Radeon Ryzen 7 6800U,4549,0.0,https://www.videocardbenchmark.net/gpu.php?gpu=Radeon+Ryzen+7+6800U&id=4648
419,GeForce GTX 580,4544,139.92,https://www.videocardbenchmark.net/gpu.php?gpu=GeForce+GTX+580&id=68
420,Radeon Eng Sample: 100-000000561-40_Y,4544,0.0,https://www.videocardbenchmark.net/gpu.php?gpu=Radeon+Eng+Sample%3A+100-000000561-40_Y&id=4936
421,Radeon Pro 465,4538,0.0,https://www.videocardbenchmark.net/gpu.php?gpu=Radeon+Pro+465&id=4134
422,FirePro S7000,4524,246.54,https://www.videocardbenchmark.net/gpu.php?gpu=FirePro+S7000&id=2804
423,GRID T4-8Q,4519,0.0,https://www.videocardbenchmark.net/gpu.php?gpu=GRID+T4-8Q&id=4196
424,Radeon R7 370,4514,0.0,https://www.videocardbenchmark.net/gpu.php?gpu=Radeon+R7+370&id=3471
425,Tesla K40c,4495,0.0,https://www.videocardbenchmark.net/gpu.php?gpu=Tesla+K40c&id=4545
426,Radeon HD 7870 XT,4470,0.0,https://www.videocardbenchmark.net/gpu.php?gpu=Radeon+HD+7870+XT&id=2557
427,GeForce GTX 1050 (Mobile),4462,0.0,https://www.videocardbenchmark.net/gpu.php?gpu=GeForce+GTX+1050+%28Mobile%29&id=4088
428,GRID M60-1B,4457,0.0,https://www.videocardbenchmark.net/gpu.php?gpu=GRID+M60-1B&id=3511
429,Citrix Indirect Display Adapter,4447,0.0,https://www.videocardbenchmark.net/gpu.php?gpu=Citrix+Indirect+Display+Adapter&id=3967
430,Quadro P1000,4438,289.99,https://www.videocardbenchmark.net/gpu.php?gpu=Quadro+P1000&id=3727
431,GRID P6-4Q,4429,0.0,https://www.videocardbenchmark.net/gpu.php?gpu=GRID+P6-4Q&id=3913
432,GeForce GTX 660 Ti,4397,144.0,https://www.videocardbenchmark.net/gpu.php?gpu=GeForce+GTX+660+Ti&id=88
433,Radeon Ryzen 7 4800HS,4394,0.0,https://www.videocardbenchmark.net/gpu.php?gpu=Radeon+Ryzen+7+4800HS&id=4362
434,FirePro W7000 Adapter,4362,0.0,https://www.videocardbenchmark.net/gpu.php?gpu=FirePro+W7000+Adapter&id=2647
435,GRID GTX P40-6,4340,0.0,https://www.videocardbenchmark.net/gpu.php?gpu=GRID+GTX+P40-6&id=4327
436,Tesla K20m,4331,0.0,https://www.videocardbenchmark.net/gpu.php?gpu=Tesla+K20m&id=4496
437,Quadro K4200,4328,249.0,https://www.videocardbenchmark.net/gpu.php?gpu=Quadro+K4200&id=2944
438,Radeon RX 5300M,4307,0.0,https://www.videocardbenchmark.net/gpu.php?gpu=Radeon+RX+5300M&id=4325
439,Radeon R9 270,4306,0.0,https://www.videocardbenchmark.net/gpu.php?gpu=Radeon+R9+270&id=3550
440,Quadro M2200,4295,249.99,https://www.videocardbenchmark.net/gpu.php?gpu=Quadro+M2200&id=3732
441,GRID RTX6000P-4Q,4283,0.0,https://www.videocardbenchmark.net/gpu.php?gpu=GRID+RTX6000P-4Q&id=4253
442,FirePro W7000,4261,278.05,https://www.videocardbenchmark.net/gpu.php?gpu=FirePro+W7000&id=2232
443,Radeon R9 270 / R7 370,4260,213.16,https://www.videocardbenchmark.net/gpu.php?gpu=Radeon+R9+270+%2F+R7+370&id=2766
444,RTXA6000-8Q,4237,0.0,https://www.videocardbenchmark.net/gpu.php?gpu=RTXA6000-8Q&id=4789
445,NVIDIA A40-4Q,4230,0.0,https://www.videocardbenchmark.net/gpu.php?gpu=NVIDIA+A40-4Q&id=4643
446,NVIDIA A40-8Q,4220,0.0,https://www.videocardbenchmark.net/gpu.php?gpu=NVIDIA+A40-8Q&id=4655
447,RadeonT 680M Ryzen 7 7735HS,4159,0.0,https://www.videocardbenchmark.net/gpu.php?gpu=RadeonT+680M+Ryzen+7+7735HS&id=4896
448,GRID V100D-8Q,4156,0.0,https://www.videocardbenchmark.net/gpu.php?gpu=GRID+V100D-8Q&id=4132
449,Radeon Ryzen 5 7535HS,4156,0.0,https://www.videocardbenchmark.net/gpu.php?gpu=Radeon+Ryzen+5+7535HS&id=4808
450,GeForce GTX 680MX,4142,0.0,https://www.videocardbenchmark.net/gpu.php?gpu=GeForce+GTX+680MX&id=2356
451,Radeon RX 460,4113,166.81,https://www.videocardbenchmark.net/gpu.php?gpu=Radeon+RX+460&id=3557
452,FirePro W8000,4096,573.0,https://www.videocardbenchmark.net/gpu.php?gpu=FirePro+W8000&id=2427
453,Radeon 660M Ryzen 5 7535HS,4078,0.0,https://www.videocardbenchmark.net/gpu.php?gpu=Radeon+660M+Ryzen+5+7535HS&id=4899
454,Radeon PRO Ryzen 5 PRO 6650U,4067,0.0,https://www.videocardbenchmark.net/gpu.php?gpu=Radeon+PRO+Ryzen+5+PRO+6650U&id=4656
455,GeForce GTX 480,4062,169.99,https://www.videocardbenchmark.net/gpu.php?gpu=GeForce+GTX+480&id=100
456,RadeonT 660M Ryzen 5 7535HS,4042,0.0,https://www.videocardbenchmark.net/gpu.php?gpu=RadeonT+660M+Ryzen+5+7535HS&id=4859
457,GeForce GTX 1050 with Max-Q Design,4037,0.0,https://www.videocardbenchmark.net/gpu.php?gpu=GeForce+GTX+1050+with+Max-Q+Design&id=3971
458,Radeon HD 7800-serie,4029,0.0,https://www.videocardbenchmark.net/gpu.php?gpu=Radeon+HD+7800-serie&id=2967
459,Radeon Ryzen 5 6600H,4014,0.0,https://www.videocardbenchmark.net/gpu.php?gpu=Radeon+Ryzen+5+6600H&id=4674
460,GeForce GTX 660,3999,167.95,https://www.videocardbenchmark.net/gpu.php?gpu=GeForce+GTX+660&id=2152
461,Quadro K5000,3987,249.0,https://www.videocardbenchmark.net/gpu.php?gpu=Quadro+K5000&id=2258
462,Quadro M2000,3986,264.24,https://www.videocardbenchmark.net/gpu.php?gpu=Quadro+M2000&id=3512
463,A40-24Q,3973,0.0,https://www.videocardbenchmark.net/gpu.php?gpu=A40-24Q&id=4750
464,GRID RTX8000-4Q,3961,0.0,https://www.videocardbenchmark.net/gpu.php?gpu=GRID+RTX8000-4Q&id=4213
465,Radeon RX 7600M,3940,0.0,https://www.videocardbenchmark.net/gpu.php?gpu=Radeon+RX+7600M&id=4964
466,GeForce GTX 570,3935,149.99,https://www.videocardbenchmark.net/gpu.php?gpu=GeForce+GTX+570&id=15
467,GRID P6-2Q,3926,0.0,https://www.videocardbenchmark.net/gpu.php?gpu=GRID+P6-2Q&id=3983
468,GeForce GTX 750 Ti,3903,88.11,https://www.videocardbenchmark.net/gpu.php?gpu=GeForce+GTX+750+Ti&id=2815
469,GRID M60-8Q,3884,0.0,https://www.videocardbenchmark.net/gpu.php?gpu=GRID+M60-8Q&id=3716
470,GeForce GTX 780M,3879,499.0,https://www.videocardbenchmark.net/gpu.php?gpu=GeForce+GTX+780M&id=2536
471,Radeon HD 8970M,3876,139.99,https://www.videocardbenchmark.net/gpu.php?gpu=Radeon+HD+8970M&id=2865
472,Matrox LUMA A310F,3873,0.0,https://www.videocardbenchmark.net/gpu.php?gpu=Matrox+LUMA+A310F&id=4881
473,Radeon HD 7850,3855,169.99,https://www.videocardbenchmark.net/gpu.php?gpu=Radeon+HD+7850&id=323
474,Radeon Ryzen 5 6600HS Creator Edition,3851,0.0,https://www.videocardbenchmark.net/gpu.php?gpu=Radeon+Ryzen+5+6600HS+Creator+Edition&id=4681
475,Radeon HD 7970M,3847,0.0,https://www.videocardbenchmark.net/gpu.php?gpu=Radeon+HD+7970M&id=326
476,GRID RTX8000P-2Q,3843,0.0,https://www.videocardbenchmark.net/gpu.php?gpu=GRID+RTX8000P-2Q&id=4311
477,GRID P100-8Q,3841,0.0,https://www.videocardbenchmark.net/gpu.php?gpu=GRID+P100-8Q&id=4178
478,Radeon Ryzen 5 7535U,3833,0.0,https://www.videocardbenchmark.net/gpu.php?gpu=Radeon+Ryzen+5+7535U&id=4837
479,GRID M60-4Q,3831,0.0,https://www.videocardbenchmark.net/gpu.php?gpu=GRID+M60-4Q&id=3483
480,GRID V100-2Q,3811,0.0,https://www.videocardbenchmark.net/gpu.php?gpu=GRID+V100-2Q&id=4547
481,P104-100,3807,299.99,https://www.videocardbenchmark.net/gpu.php?gpu=P104-100&id=4206
482,GeForce GTX 880M,3804,0.0,https://www.videocardbenchmark.net/gpu.php?gpu=GeForce+GTX+880M&id=2850
483,Radeon Pro WX 4100,3773,499.99,https://www.videocardbenchmark.net/gpu.php?gpu=Radeon+Pro+WX+4100&id=3694
484,Barco MXRT 7500,3753,299.0,https://www.videocardbenchmark.net/gpu.php?gpu=Barco+MXRT+7500&id=3353
485,Radeon Ryzen 7 4800H,3747,0.0,https://www.videocardbenchmark.net/gpu.php?gpu=Radeon+Ryzen+7+4800H&id=4348
486,GeForce GTX 965M,3745,0.0,https://www.videocardbenchmark.net/gpu.php?gpu=GeForce+GTX+965M&id=3113
487,GRID T4-1Q,3743,0.0,https://www.videocardbenchmark.net/gpu.php?gpu=GRID+T4-1Q&id=4261
488,Ryzen 7 PRO 6850HS with Radeon Graphics,3736,0.0,https://www.videocardbenchmark.net/gpu.php?gpu=Ryzen+7+PRO+6850HS+with+Radeon+Graphics&id=4585
489,GeForce MX450,3730,0.0,https://www.videocardbenchmark.net/gpu.php?gpu=GeForce+MX450&id=4296
490,Ryzen 5 PRO 6650H with Radeon Graphics,3727,0.0,https://www.videocardbenchmark.net/gpu.php?gpu=Ryzen+5+PRO+6650H+with+Radeon+Graphics&id=4591
491,T500,3703,0.0,https://www.videocardbenchmark.net/gpu.php?gpu=T500&id=4335
492,T400 4GB,3696,0.0,https://www.videocardbenchmark.net/gpu.php?gpu=T400+4GB&id=4512
493,GRID M60-1Q,3695,0.0,https://www.videocardbenchmark.net/gpu.php?gpu=GRID+M60-1Q&id=3749
494,Eng Sample: 100-000000545-40_Y,3692,0.0,https://www.videocardbenchmark.net/gpu.php?gpu=Eng+Sample%3A+100-000000545-40_Y&id=4580
495,Matrox LUMA A310,3690,0.0,https://www.videocardbenchmark.net/gpu.php?gpu=Matrox+LUMA+A310&id=4882
496,Ryzen 5 6600HS Creator Edition,3686,0.0,https://www.videocardbenchmark.net/gpu.php?gpu=Ryzen+5+6600HS+Creator+Edition&id=4628
497,Ryzen 5 7535HS with Radeon Graphics,3680,0.0,https://www.videocardbenchmark.net/gpu.php?gpu=Ryzen+5+7535HS+with+Radeon+Graphics&id=4866
498,Radeon Pro 560X,3678,0.0,https://www.videocardbenchmark.net/gpu.php?gpu=Radeon+Pro+560X&id=4021
499,Ryzen 5 6600H with Radeon Graphics,3674,0.0,https://www.videocardbenchmark.net/gpu.php?gpu=Ryzen+5+6600H+with+Radeon+Graphics&id=4600
500,Radeon Ryzen 5 PRO 6650U,3674,0.0,https://www.videocardbenchmark.net/gpu.php?gpu=Radeon+Ryzen+5+PRO+6650U&id=4677
501,Radeon R9 M485X,3661,0.0,https://www.videocardbenchmark.net/gpu.php?gpu=Radeon+R9+M485X&id=3726
502,Radeon RX 560,3647,187.14,https://www.videocardbenchmark.net/gpu.php?gpu=Radeon+RX+560&id=3708
503,Intel Arc A370M,3646,0.0,https://www.videocardbenchmark.net/gpu.php?gpu=Intel+Arc+A370M&id=4748
504,T400,3625,179.99,https://www.videocardbenchmark.net/gpu.php?gpu=T400&id=4446
505,Radeon RX Vega M GL,3607,0.0,https://www.videocardbenchmark.net/gpu.php?gpu=Radeon+RX+Vega+M+GL&id=3903
506,Quadro P620,3604,574.55,https://www.videocardbenchmark.net/gpu.php?gpu=Quadro+P620&id=3954
507,Ryzen 5 PRO 6650U with Radeon Graphics,3575,0.0,https://www.videocardbenchmark.net/gpu.php?gpu=Ryzen+5+PRO+6650U+with+Radeon+Graphics&id=4581
508,GRID RTX8000-2Q,3574,0.0,https://www.videocardbenchmark.net/gpu.php?gpu=GRID+RTX8000-2Q&id=4461
509,GeForce GTX 680M KY_Bullet Edition,3569,0.0,https://www.videocardbenchmark.net/gpu.php?gpu=GeForce+GTX+680M+KY_Bullet+Edition&id=3832
510,GRID M6-8Q,3568,0.0,https://www.videocardbenchmark.net/gpu.php?gpu=GRID+M6-8Q&id=3867
511,Radeon Ryzen 5 6600U,3565,0.0,https://www.videocardbenchmark.net/gpu.php?gpu=Radeon+Ryzen+5+6600U&id=4675
512,GeForce GTX 775M,3551,0.0,https://www.videocardbenchmark.net/gpu.php?gpu=GeForce+GTX+775M&id=2729
513,Quadro K2200,3549,268.3,https://www.videocardbenchmark.net/gpu.php?gpu=Quadro+K2200&id=2947
514,Microsoft Basic Display Adapter Ryzen 5 3550H,3537,0.0,https://www.videocardbenchmark.net/gpu.php?gpu=Microsoft+Basic+Display+Adapter+Ryzen+5+3550H&id=4927
515,Ryzen 5 7535U with Radeon Graphics,3529,0.0,https://www.videocardbenchmark.net/gpu.php?gpu=Ryzen+5+7535U+with+Radeon+Graphics&id=4865
516,Ryzen 5 PRO 6650U,3519,0.0,https://www.videocardbenchmark.net/gpu.php?gpu=Ryzen+5+PRO+6650U&id=4638
517,GRID K520,3516,149.99,https://www.videocardbenchmark.net/gpu.php?gpu=GRID+K520&id=2742
518,Quadro 7000,3505,0.0,https://www.videocardbenchmark.net/gpu.php?gpu=Quadro+7000&id=1555
519,Tesla M10,3490,2695.0,https://www.videocardbenchmark.net/gpu.php?gpu=Tesla+M10&id=4095
520,Radeon Pro 560,3475,0.0,https://www.videocardbenchmark.net/gpu.php?gpu=Radeon+Pro+560&id=3820
521,Quadro K2200M,3469,124.95,https://www.videocardbenchmark.net/gpu.php?gpu=Quadro+K2200M&id=3175
522,Quadro M2000M,3453,213.16,https://www.videocardbenchmark.net/gpu.php?gpu=Quadro+M2000M&id=3373
523,Radeon Pro 460,3453,0.0,https://www.videocardbenchmark.net/gpu.php?gpu=Radeon+Pro+460&id=3747
524,GRID T4-2Q,3451,0.0,https://www.videocardbenchmark.net/gpu.php?gpu=GRID+T4-2Q&id=4370
525,GeForce GTX 870M,3449,0.0,https://www.videocardbenchmark.net/gpu.php?gpu=GeForce+GTX+870M&id=2833
526,Radeon 740M,3437,0.0,https://www.videocardbenchmark.net/gpu.php?gpu=Radeon+740M&id=4926
527,Tesla C2050 / C2070,3428,0.0,https://www.videocardbenchmark.net/gpu.php?gpu=Tesla+C2050+%2F+C2070&id=2515
528,NVIDIA A10-4Q,3425,0.0,https://www.videocardbenchmark.net/gpu.php?gpu=NVIDIA+A10-4Q&id=4521
529,GeForce GTX 960M,3396,1169.0,https://www.videocardbenchmark.net/gpu.php?gpu=GeForce+GTX+960M&id=3176
530,Radeon HD8970M,3369,0.0,https://www.videocardbenchmark.net/gpu.php?gpu=Radeon+HD8970M&id=3023
531,Radeon E8870PCIe,3368,0.0,https://www.videocardbenchmark.net/gpu.php?gpu=Radeon+E8870PCIe&id=3831
532,GeForce GTX 750,3365,79.99,https://www.videocardbenchmark.net/gpu.php?gpu=GeForce+GTX+750&id=2825
533,GRID M10-1Q,3351,0.0,https://www.videocardbenchmark.net/gpu.php?gpu=GRID+M10-1Q&id=3800
534,Radeon R9 M390X,3346,0.0,https://www.videocardbenchmark.net/gpu.php?gpu=Radeon+R9+M390X&id=3405
535,GeForce GTX 650 Ti BOOST,3342,0.0,https://www.videocardbenchmark.net/gpu.php?gpu=GeForce+GTX+650+Ti+BOOST&id=2479
536,GeForce GTX 590,3341,435.0,https://www.videocardbenchmark.net/gpu.php?gpu=GeForce+GTX+590&id=1457
537,GRID P4-8Q,3299,0.0,https://www.videocardbenchmark.net/gpu.php?gpu=GRID+P4-8Q&id=4788
538,Tesla K40m,3281,0.0,https://www.videocardbenchmark.net/gpu.php?gpu=Tesla+K40m&id=4476
539,Quadro M1200,3274,0.0,https://www.videocardbenchmark.net/gpu.php?gpu=Quadro+M1200&id=3651
540,Quadro P600,3265,211.83,https://www.videocardbenchmark.net/gpu.php?gpu=Quadro+P600&id=3729
541,GRID T4-4Q,3260,0.0,https://www.videocardbenchmark.net/gpu.php?gpu=GRID+T4-4Q&id=4340
542,GeForce 770M,3246,176.99,https://www.videocardbenchmark.net/gpu.php?gpu=GeForce+770M&id=3519
543,Radeon R9 M470X,3244,0.0,https://www.videocardbenchmark.net/gpu.php?gpu=Radeon+R9+M470X&id=3574
544,Eng Sample: 100-000000534-40_Y,3237,0.0,https://www.videocardbenchmark.net/gpu.php?gpu=Eng+Sample%3A+100-000000534-40_Y&id=4592
545,Ryzen 5 6600U with Radeon Graphics,3233,0.0,https://www.videocardbenchmark.net/gpu.php?gpu=Ryzen+5+6600U+with+Radeon+Graphics&id=4589
546,Radeon R9 M290X,3226,0.0,https://www.videocardbenchmark.net/gpu.php?gpu=Radeon+R9+M290X&id=2918
547,GeForce GTX 680M,3216,135.99,https://www.videocardbenchmark.net/gpu.php?gpu=GeForce+GTX+680M&id=1461
548,Ryzen 7 5800HS with Radeon Graphics,3214,0.0,https://www.videocardbenchmark.net/gpu.php?gpu=Ryzen+7+5800HS+with+Radeon+Graphics&id=4401
549,Radeon RX 560X,3195,0.0,https://www.videocardbenchmark.net/gpu.php?gpu=Radeon+RX+560X&id=3955
550,Quadro K5100M,3189,1108.84,https://www.videocardbenchmark.net/gpu.php?gpu=Quadro+K5100M&id=2798
551,Radeon R9 260,3182,0.0,https://www.videocardbenchmark.net/gpu.php?gpu=Radeon+R9+260&id=3496
552,Tesla C2050,3176,269.99,https://www.videocardbenchmark.net/gpu.php?gpu=Tesla+C2050&id=1669
553,Radeon R7 260X,3174,139.99,https://www.videocardbenchmark.net/gpu.php?gpu=Radeon+R7+260X&id=2701
554,FirePro V7000,3162,0.0,https://www.videocardbenchmark.net/gpu.php?gpu=FirePro+V7000&id=2675
555,FirePro W7170M,3162,0.0,https://www.videocardbenchmark.net/gpu.php?gpu=FirePro+W7170M&id=3412
556,Radeon Pro 555,3141,1049.0,https://www.videocardbenchmark.net/gpu.php?gpu=Radeon+Pro+555&id=3763
557,Radeon Pro 455,3113,449.0,https://www.videocardbenchmark.net/gpu.php?gpu=Radeon+Pro+455&id=4024
558,Radeon Ryzen 9 7900X 12-Core,3094,0.0,https://www.videocardbenchmark.net/gpu.php?gpu=Radeon+Ryzen+9+7900X+12-Core&id=4659
559,Matrox LUMA A310FP,3093,0.0,https://www.videocardbenchmark.net/gpu.php?gpu=Matrox+LUMA+A310FP&id=4945
560,Intel G35 Express,3090,0.0,https://www.videocardbenchmark.net/gpu.php?gpu=Intel+G35+Express&id=938
561,Radeon HD 7790,3090,139.99,https://www.videocardbenchmark.net/gpu.php?gpu=Radeon+HD+7790&id=2502
562,GeForce GTX 470,3090,59.99,https://www.videocardbenchmark.net/gpu.php?gpu=GeForce+GTX+470&id=55
563,Radeon R7 360,3070,145.99,https://www.videocardbenchmark.net/gpu.php?gpu=Radeon+R7+360&id=3233
564,GeForce GTX 560 Ti,3038,129.99,https://www.videocardbenchmark.net/gpu.php?gpu=GeForce+GTX+560+Ti&id=18
565,EIZO MED-X5000,3038,0.0,https://www.videocardbenchmark.net/gpu.php?gpu=EIZO+MED-X5000&id=4487
566,Radeon R9 360,3032,133.89,https://www.videocardbenchmark.net/gpu.php?gpu=Radeon+R9+360&id=3327
567,GeForce GTX 860M,3031,114.0,https://www.videocardbenchmark.net/gpu.php?gpu=GeForce+GTX+860M&id=2866
568,Tesla C2075,3017,646.0,https://www.videocardbenchmark.net/gpu.php?gpu=Tesla+C2075&id=1671
569,Radeon HD 6990,3013,498.49,https://www.videocardbenchmark.net/gpu.php?gpu=Radeon+HD+6990&id=292
570,FirePro W5100,2982,125.99,https://www.videocardbenchmark.net/gpu.php?gpu=FirePro+W5100&id=3044
571,GRID M10-4Q,2977,0.0,https://www.videocardbenchmark.net/gpu.php?gpu=GRID+M10-4Q&id=3964
572,FirePro W5000,2972,184.0,https://www.videocardbenchmark.net/gpu.php?gpu=FirePro+W5000&id=2227
573,GRID K260Q,2949,0.0,https://www.videocardbenchmark.net/gpu.php?gpu=GRID+K260Q&id=3143
574,Tesla K20Xm,2918,0.0,https://www.videocardbenchmark.net/gpu.php?gpu=Tesla+K20Xm&id=4498
575,Quadro K1200,2908,285.29,https://www.videocardbenchmark.net/gpu.php?gpu=Quadro+K1200&id=3193
576,Ryzen 9 5900HX with Radeon Graphics,2906,0.0,https://www.videocardbenchmark.net/gpu.php?gpu=Ryzen+9+5900HX+with+Radeon+Graphics&id=4396
577,Radeon R7 260,2892,89.99,https://www.videocardbenchmark.net/gpu.php?gpu=Radeon+R7+260&id=2903
578,Quadro M1000M,2891,85.99,https://www.videocardbenchmark.net/gpu.php?gpu=Quadro+M1000M&id=3349
579,Ryzen 7 PRO 4700G with Radeon Graphics,2880,0.0,https://www.videocardbenchmark.net/gpu.php?gpu=Ryzen+7+PRO+4700G+with+Radeon+Graphics&id=4256
580,Eng Sample: 100-000000261-50_Y,2860,0.0,https://www.videocardbenchmark.net/gpu.php?gpu=Eng+Sample%3A+100-000000261-50_Y&id=4577
581,Radeon Pro V340 MxGPU,2853,0.0,https://www.videocardbenchmark.net/gpu.php?gpu=Radeon+Pro+V340+MxGPU&id=4011
582,Radeon HD 6970,2844,149.99,https://www.videocardbenchmark.net/gpu.php?gpu=Radeon+HD+6970&id=84
583,Tesla C2070,2840,604.0,https://www.videocardbenchmark.net/gpu.php?gpu=Tesla+C2070&id=1670
584,GRID K280Q,2840,0.0,https://www.videocardbenchmark.net/gpu.php?gpu=GRID+K280Q&id=3142
585,Quadro M620,2836,0.0,https://www.videocardbenchmark.net/gpu.php?gpu=Quadro+M620&id=3658
586,FirePro W4300,2834,239.99,https://www.videocardbenchmark.net/gpu.php?gpu=FirePro+W4300&id=3425
587,Radeon Ryzen 7 5800H,2823,0.0,https://www.videocardbenchmark.net/gpu.php?gpu=Radeon+Ryzen+7+5800H&id=4452
588,FirePro 3D V9800,2812,2499.0,https://www.videocardbenchmark.net/gpu.php?gpu=FirePro+3D+V9800&id=443
589,GeForce MX350,2809,0.0,https://www.videocardbenchmark.net/gpu.php?gpu=GeForce+MX350&id=4194
590,Ryzen 7 5700G with Radeon Graphics,2809,0.0,https://www.videocardbenchmark.net/gpu.php?gpu=Ryzen+7+5700G+with+Radeon+Graphics&id=4405
591,FirePro M6100 FireGL V,2796,0.0,https://www.videocardbenchmark.net/gpu.php?gpu=FirePro+M6100+FireGL+V&id=3695
592,Quadro K5000M,2780,508.91,https://www.videocardbenchmark.net/gpu.php?gpu=Quadro+K5000M&id=1618
593,GeForce GTX 770M,2773,138.0,https://www.videocardbenchmark.net/gpu.php?gpu=GeForce+GTX+770M&id=2534
594,Radeon R9 M380,2770,0.0,https://www.videocardbenchmark.net/gpu.php?gpu=Radeon+R9+M380&id=3339
595,Custom GPU 0405,2762,0.0,https://www.videocardbenchmark.net/gpu.php?gpu=Custom+GPU+0405&id=4528
596,Radeon Ryzen 9 5900H,2755,0.0,https://www.videocardbenchmark.net/gpu.php?gpu=Radeon+Ryzen+9+5900H&id=4486
597,Radeon Ryzen 9 5980HS,2749,0.0,https://www.videocardbenchmark.net/gpu.php?gpu=Radeon+Ryzen+9+5980HS&id=4472
598,Ryzen 7 5800H with Radeon Graphics,2748,0.0,https://www.videocardbenchmark.net/gpu.php?gpu=Ryzen+7+5800H+with+Radeon+Graphics&id=4398
599,GeForce GTX 675MX,2744,0.0,https://www.videocardbenchmark.net/gpu.php?gpu=GeForce+GTX+675MX&id=2349
600,GRID K2,2737,4449.99,https://www.videocardbenchmark.net/gpu.php?gpu=GRID+K2&id=2616
601,FirePro S7150,2727,1697.99,https://www.videocardbenchmark.net/gpu.php?gpu=FirePro+S7150&id=3604
602,FirePro V9800,2727,474.0,https://www.videocardbenchmark.net/gpu.php?gpu=FirePro+V9800&id=3423
603,GeForce GTX 560,2724,205.0,https://www.videocardbenchmark.net/gpu.php?gpu=GeForce+GTX+560&id=71
604,Radeon Pro 450,2723,0.0,https://www.videocardbenchmark.net/gpu.php?gpu=Radeon+Pro+450&id=3683
605,Quadro K4000,2718,270.0,https://www.videocardbenchmark.net/gpu.php?gpu=Quadro+K4000&id=2272
606,Ryzen 9 4900H with Radeon Graphics,2714,0.0,https://www.videocardbenchmark.net/gpu.php?gpu=Ryzen+9+4900H+with+Radeon+Graphics&id=4241
607,Radeon Ryzen 9 7900 12-Core,2711,0.0,https://www.videocardbenchmark.net/gpu.php?gpu=Radeon+Ryzen+9+7900+12-Core&id=4716
608,Radeon RX 550,2706,183.06,https://www.videocardbenchmark.net/gpu.php?gpu=Radeon+RX+550&id=3761
609,Quadro 6000,2706,4092.38,https://www.videocardbenchmark.net/gpu.php?gpu=Quadro+6000&id=1554
610,Barco MXRT 5500,2702,299.0,https://www.videocardbenchmark.net/gpu.php?gpu=Barco+MXRT+5500&id=2699
611,Radeon HD 8950,2696,0.0,https://www.videocardbenchmark.net/gpu.php?gpu=Radeon+HD+8950&id=2927
612,GRID M10-2Q,2692,0.0,https://www.videocardbenchmark.net/gpu.php?gpu=GRID+M10-2Q&id=4197
613,Intel Iris Xe,2690,0.0,https://www.videocardbenchmark.net/gpu.php?gpu=Intel+Iris+Xe&id=4265
614,Radeon Ryzen 7 5800HS,2687,0.0,https://www.videocardbenchmark.net/gpu.php?gpu=Radeon+Ryzen+7+5800HS&id=4462
615,Ryzen 7 Pro 4750G with Radeon Graphics,2682,0.0,https://www.videocardbenchmark.net/gpu.php?gpu=Ryzen+7+Pro+4750G+with+Radeon+Graphics&id=4231
616,GeForce GTX 465,2680,195.0,https://www.videocardbenchmark.net/gpu.php?gpu=GeForce+GTX+465&id=82
617,Radeon Eng Sample: 100-000000300-40_Y,2670,0.0,https://www.videocardbenchmark.net/gpu.php?gpu=Radeon+Eng+Sample%3A+100-000000300-40_Y&id=4572
618,Ryzen 7 5700GE with Radeon Graphics,2656,0.0,https://www.videocardbenchmark.net/gpu.php?gpu=Ryzen+7+5700GE+with+Radeon+Graphics&id=4433
619,FirePro R5000,2647,109.99,https://www.videocardbenchmark.net/gpu.php?gpu=FirePro+R5000&id=3444
620,Quadro K4100M,2644,261.29,https://www.videocardbenchmark.net/gpu.php?gpu=Quadro+K4100M&id=2736
621,GRID P6-4A,2639,0.0,https://www.videocardbenchmark.net/gpu.php?gpu=GRID+P6-4A&id=4531
622,MONSTER GeForce GTX 675M,2637,0.0,https://www.videocardbenchmark.net/gpu.php?gpu=MONSTER+GeForce+GTX+675M&id=2470
623,Ryzen 7 PRO 7730U with Radeon Graphics,2634,0.0,https://www.videocardbenchmark.net/gpu.php?gpu=Ryzen+7+PRO+7730U+with+Radeon+Graphics&id=4873
624,Radeon HD 6950,2628,139.99,https://www.videocardbenchmark.net/gpu.php?gpu=Radeon+HD+6950&id=36
625,Radeon Ryzen 7 4700GE,2610,0.0,https://www.videocardbenchmark.net/gpu.php?gpu=Radeon+Ryzen+7+4700GE&id=4387
626,GRID M10-8Q,2606,0.0,https://www.videocardbenchmark.net/gpu.php?gpu=GRID+M10-8Q&id=3934
627,Radeon RX Vega 11 Ryzen 7 3700U,2602,0.0,https://www.videocardbenchmark.net/gpu.php?gpu=Radeon+RX+Vega+11+Ryzen+7+3700U&id=4943
628,Ryzen 5 5600GE with Radeon Graphics,2602,0.0,https://www.videocardbenchmark.net/gpu.php?gpu=Ryzen+5+5600GE+with+Radeon+Graphics&id=4435
629,Radeon Ryzen 7 PRO 4750G,2602,0.0,https://www.videocardbenchmark.net/gpu.php?gpu=Radeon+Ryzen+7+PRO+4750G&id=4347
630,GRID T4-2B,2601,0.0,https://www.videocardbenchmark.net/gpu.php?gpu=GRID+T4-2B&id=4516
631,GeForce GTX 950A,2598,0.0,https://www.videocardbenchmark.net/gpu.php?gpu=GeForce+GTX+950A&id=3334
632,Radeon Ryzen 7 4700G,2595,0.0,https://www.videocardbenchmark.net/gpu.php?gpu=Radeon+Ryzen+7+4700G&id=4357
633,Radeon Eng Sample: 100-000000371-40_42/18_Y,2591,0.0,https://www.videocardbenchmark.net/gpu.php?gpu=Radeon+Eng+Sample%3A+100-000000371-40_42%2F18_Y&id=4937
634,GeForce GTX 950M,2581,567.0,https://www.videocardbenchmark.net/gpu.php?gpu=GeForce+GTX+950M&id=3171
635,Ryzen 5 5600G with Radeon Graphics,2579,0.0,https://www.videocardbenchmark.net/gpu.php?gpu=Ryzen+5+5600G+with+Radeon+Graphics&id=4406
636,Radeon Ryzen 9 4900H,2561,0.0,https://www.videocardbenchmark.net/gpu.php?gpu=Radeon+Ryzen+9+4900H&id=4361
637,Ryzen 7 PRO 4750GE with Radeon Graphics,2550,0.0,https://www.videocardbenchmark.net/gpu.php?gpu=Ryzen+7+PRO+4750GE+with+Radeon+Graphics&id=4288
638,Ryzen 7 PRO 5750GE with Radeon Graphics,2546,0.0,https://www.videocardbenchmark.net/gpu.php?gpu=Ryzen+7+PRO+5750GE+with+Radeon+Graphics&id=4432
639,GRID K240Q,2541,0.0,https://www.videocardbenchmark.net/gpu.php?gpu=GRID+K240Q&id=2951
640,Radeon HD 6850 X2,2534,0.0,https://www.videocardbenchmark.net/gpu.php?gpu=Radeon+HD+6850+X2&id=3684
641,Ryzen 9 5980HS with Radeon Graphics,2534,0.0,https://www.videocardbenchmark.net/gpu.php?gpu=Ryzen+9+5980HS+with+Radeon+Graphics&id=4400
642,GeForce GTX 650 Ti,2531,93.05,https://www.videocardbenchmark.net/gpu.php?gpu=GeForce+GTX+650+Ti&id=2177
643,FireStream 9370,2528,0.0,https://www.videocardbenchmark.net/gpu.php?gpu=FireStream+9370&id=247
644,N18E-Q1,2525,0.0,https://www.videocardbenchmark.net/gpu.php?gpu=N18E-Q1&id=3928
645,Radeon Ryzen 5 5600GE,2520,0.0,https://www.videocardbenchmark.net/gpu.php?gpu=Radeon+Ryzen+5+5600GE&id=4744
